id	name
1	广西广投天然气管网有限公司
3	贵州赤天化股份有限公司
4	四川天华股份有限公司
5	江津禾丰化工有限公司
1000001	四川石油管理局重庆公共事务管理中心
1000002	成都铁路局铜罐驿车站
1000003	重庆和友碱胺实业有限公司
1000004	重庆国之四维卫浴有限公司
1000005	西南铝业（集团）有限责任公司
1000006	长宁县天能燃气有限责任公司
1000007	四川三洲川化机核能设备制造有限公司
1000008	长宁氮肥厂
1000009	长宁汽车公司
1000010	成都玖源化工有限公司
1000011	成都蓝风（集团）股份有限公司洗涤剂分公司
1000012	川化股份有限公司
1000013	四川南山射钉紧固器材有限公司成都分公司
1000014	攀钢集团成都钢铁有限责任公司(六五厂)
1000016	青白江自来水厂
1000017	青白江车队
1000018	保温材料厂
1000019	四川石油管理局成都总机械厂
1000020	成都玉龙化工有限公司
1000021	四川川锅锅炉有限责任公司
1000022	成都陵川特种工业有限责任公司
1000023	彭州氮肥厂
1000024	四川博能燃气股份有限公司
1000025	成都化工炭素总厂
1000026	成都天马铁路轴承有限公司
1000027	攀钢集团成都钢钒有限公司
1000028	中国华能集团公司成都火力发电分公司
1000029	成都色釉料厂
1000030	龙泉驿华油兴能天然气有限公司
1000031	河南安彩集团成都电子玻璃有限公司
1000032	成都燃气集团股份有限公司
1000033	成都巨峰玻璃有限公司
1000034	成都丽雅纤维股份有限公司
1000035	明达玻璃（成都）有限公司
1000036	二重集团（德阳）重型装备股份有限公司
1000037	东方电气集团东方电机有限公司
1000038	东方电气集团东方汽轮机有限公司
1000039	德阳铸铁水管厂
1000040	德阳市汽车站
1000041	德阳市氮肥厂
1000042	德阳东方石化通用设备总厂
1000043	四川省金路树脂有限公司
1000044	四川省玻纤有限责任公司
1000045	四川德阳天然气有限责任公司
1000046	耐火材料厂
1000047	四川美丰化工股份有限公司
1000048	鼎天科技股份有限公司（东方电工）
1000049	四川省建筑工程总公司德阳钢窗厂
1000050	德阳玻璃制品厂
1000051	四川绵竹川润化工有限公司
1000052	峨眉山市燃气有限责任公司
1000053	四川德阳广汉裘皮厂
1000054	广汉川油新能实业有限公司
1000055	广汉亚蒲耳照明电器有限公司
1000056	四川凌峰航空液压机械有限公司
1000057	宜宾县晶鹏玻璃有限公司
1000058	四川冶金碳素厂
1000059	广汉市城市燃气有限公司
1000060	广汉圣油科技开发公司（井下精细）
1000061	四川东方轴承制造有限责任公司
1000062	四川广宇化工股份有限公司
1000063	四川石油管理局广汉基地服务中心
1000064	广汉市气象站
1000065	中国民用航空飞行学院
1000066	广汉石油机械化工总厂（广机厂）
1000067	合江队个体车
1000068	合江县车队
1000069	(统)四川天华股份有限公司
1000070	夹江县天然气有限责任公司
1000071	四川腾龙石油输气防腐有限公司
1000072	四川新火炬化工有限责任公司
1000073	宜宾金世界化学有限公司
1000074	重庆禾丰化工股份有限公司
1000075	总装备部第59研究所
1000076	重庆江津天然气有限责任公司
1000077	重庆长风机器厂
1000078	重庆三五三九鞋业总厂
1000079	成都康宝兴棉纺织实业股份有限公司
1000080	攀钢集团成都钢钒有限公司金堂钢管分公司
1000081	四川省金堂县燃气公司
1000082	成都金凤企业集团有限公司
1000083	四川岷江化工股份有限公司
1000084	井研天宝燃气有限责任公司(井研)
1000085	井研县桂祥化工有限责任公司
1000086	四川瑞松纸业有限公司
1000087	犍为县氮肥厂
1000088	四川和邦集团乐山天然气化工有限公司
1000089	东风电机厂
1000090	四川华康毛纺织有限公司
1000091	乐山腾龙天然气有限责任公司
1000092	四川三九长征药业股份有限公司
1000093	乐山市燃气有限责任公司
1000094	乐山市燃气有限责任公司五通桥分公司
1000095	乐山艾丽碧丝工业园有限公司
1000096	乐山市化工厂
1000097	乐山市煤气总公司五通桥分公司(嘉峨)
1000098	四川蜀润电力开发有限公司五通桥发电厂
1000099	中车眉山车辆有限公司
1000100	成都邮电通信设备厂（眉山总部）
1000101	四川金象化工股份有限公司
1000102	四川省眉山天然气有限责任公司
1000103	四川省眉山市兴能天然气有限公司
1000104	四川省绵阳南山印染有限责任公司
1000105	浙江金鹰股份绵阳绢纺有限公司
1000107	上海梅林正广和绵阳有限公司
1000108	绵阳燃气集团热电公司
1000109	中国工程物理研究院动力部
1000110	绵阳三五三六厂
1000111	绵阳联星化工有限公司
1000112	三台氮肥厂
1000113	长虹电源有限责任公司
1000114	绵阳燃气有限责任公司
1000115	绵阳南光化工总厂
1000116	四川泸天化股份有限公司
1000117	南充市高坪区东观燃气有限公司
1000118	南充嘉能天然气有限责任公司
1000119	南充高坪燃气股份有限公司
1000120	南充六合有限公司（嘉丽）
1000121	小龙氮肥厂
1000122	四川石油管理局南充公共事务管理中心(东观技校)
1000123	南溪县车队
1000124	四川北方红光特种化工有限公司
1000126	渠县华润燃气有限责任公司
1000127	简阳港华燃气有限公司
1000128	四川天虎有限责任公司
1000129	眉山彩瓷厂
1000130	四川和邦生物科技股份有限公司(30万吨联碱)
1000131	(统)四川金杯化工有限公司
1000132	红塔氮肥厂
1000133	四川空分设备有限公司
1000134	简阳氮肥厂
1000135	四川联众石化机械设备有限责任公司
1000136	四川简阳成勘实业开发总公司
1000137	仁寿县恒烨燃气有限公司
1000138	四川省仁寿通江化肥有限公司（陵阳）
1000139	四川拖拉机总厂破产清算组
1000140	四川恒森石油天然气开发有限公司
1000141	四川蓝星机械有限公司
1000142	(统)四川蓥峰实业有限公司
1000143	四川威德福石化装备有限责任公司
1000144	白家车队
1000145	四川齿轮厂
1000146	四川石油管理局总医院
1000147	华阳客运公司
1000148	四川联发天然气有限责任公司
1000149	四川石油管理局物资总公司彭山器材库
1000150	四川川开进出口有限公司
1000151	成都科奥达物业管理有限责任公司
1000152	四川石油山地地震公司
1000153	成都市天府新区华天兴能天然气有限公司
1000154	星光电工总厂
1000155	四川天正化工有限责任公司
1000156	国营华兴蓄电池厂(7448厂)
1000157	贵州赤天化股份有限公司赤水化工分公司
1000158	成都市双流区兴能天然气有限责任公司
1000159	四川军氮化工有限公司
1000160	四川石油管理局油气田建设总公司第二分公司
1000161	双流氮肥厂
1000162	输气处化工厂
1000163	成都化工二厂
1000164	四川远大蜀阳药业有限公司
1000165	四川宏益化工有限责任公司
1000167	成都生物制品研究所
1000168	犍为瓷厂
1000169	成都搪瓷总厂
1000170	双流车队
1000171	眉山新源燃气有限责任公司
1000172	西南化工研究设计院
1000173	太平车队
1000174	中国石油集团川庆钻探工程有限公司培训中心
1000175	成都实鑫天然气开发公司（恒发）
1000176	(统)云南水富云天化有限公司
1000177	四川威远石牛氮肥有限公司
1000178	威远县殡仪馆
1000179	威远瓷厂
1000180	四川石油管理局成都六菱化工厂
1000181	四川威玻股份有限公司
1000182	威远汽车公司
1000183	威远县新店燃气有限责任公司
1000184	成渝钒钛科技有限公司
1000185	温江区兴能天然气有限责任公司
1000186	成都台商投资区天然气开发有限公司
1000187	成都市贝多化工有限公司（温氮）
1000188	成都三国红光机械电子有限公司
1000189	郫县氮肥厂
1000190	成都市郫都区兴能天然气有限责任公司
1000191	新都金宇物业管理有限公司
1000192	燃气涡轮研究所（624所）
1000193	四川永星电子有限公司
1000194	成都庆光电器总厂（新都电器分厂）
1000195	四川省明圣天然气有限责任公司
1000196	锦江油泵油嘴厂二分厂（新都）
1000197	四川省冶金机械厂（新都）
1000198	成都红光电工公司
1000199	华西铝业有限责任公司(成都铝箔厂)
1000200	成都油缸厂
1000201	成都旭光电子股份有限公司
1000202	新都工业区天然气管理站
1000203	宜宾外贸粮油肉类食品有限公司
1000204	宜宾氮肥厂
1000205	中国华电集团公司宜宾发电总厂
1000206	重庆啤酒集团宜宾有限公司
1000208	宜宾市农业科学研究所
1000209	宜宾亚科特饮料有限公司（太子乐肉联厂）
1000211	中核建中核燃料元件有限公司
1000212	宜宾县烨烽天然气有限责任公司
1000213	中江龙华集团有限公司
1000214	重庆国光集团公司重庆中药厂
1000215	中国重汽集团重庆燃油喷射系统有限公司
1000216	重庆民丰化工有限责任公司
1000217	川东南地质大队
1000218	重庆工商大学
1000219	重庆地质仪器厂
1000220	重庆虎溪电机厂
1000221	重庆弛宇机械制造有限责任公司
1000222	资阳港华燃气有限公司
1000223	四川省资阳市天台化工有限责任公司
1000224	四川省烟草物资公司卷烟配套材料厂资阳分厂
1000225	四川石油管理局资阳汽车运输公司
1000226	中车资阳机车有限公司
1000227	乐至氮肥厂
1000228	四川石油管理局物资总公司资阳公司
1000229	自贡市个体车
1000230	四川省犍为恒邦天然气有限公司
1000231	犍为新兴实业发展有限公司
1000242	青莲镇民用气
1000245	成都电视设备厂（明日）
1000246	(停)TEMP华阳协和农机
1000247	成都八晟实业有限公司
1000248	成都康迪食品有限公司
1000249	TEMP计量分院
1000250	成都天益燃气有限责任公司
1000252	邓关盐厂
1000253	嘉华水泥厂
1000254	嘉乐造纸厂
1000255	(停)威远机修厂
1000256	吐哈勘探开发指挥部广汉离退休职工管理部
1000257	四川石油管理局南充公共事务管理中心（惠森）
1000258	四川石油管理局输气公司
1000259	四川同庆南风化工有限公司
1000260	借田民用
1000261	峨眉山市燃气有限责任公司天佛CNG加气站(金沙)
1000263	搪瓷厂
1000267	中国石油天然气股份有限公司西南油气田渠县加气加油站
1000269	旅游公司车队
1000270	星华仪器厂
1000271	四川眉山建华电子仪器有限公司
1000272	四川丹甫制冷压缩机有限责任公司（建川）
1000273	眉山市人民医院（408医院）
1000276	(停)川西南带气加工
1000277	夹江县永发建材工业公司
1000278	输气化肥厂
1000279	川油广汉复合肥厂
1000280	中油四川石油天然气销售公司
1000282	四川省井研县佳泉瓷业有限公司
1000283	四川医药包装股份有限公司
1000284	四川石油输气气通天然气公司
1000285	金堂沱江燃气有限责任公司
1000286	四川仁寿顺泰燃气有限公司
1000287	广安市佳源燃气有限责任公司
1000288	蓬安县天然气公司(蓬安站)
1000290	四川长宁县竹海玻璃制品有限公司
1000294	重庆市利民天然气有限公司
1000297	绵阳西蒲公司
1000298	川西南矿区恒大实业公司
1000299	夹江县天然气有限责任公司（金沙）
1000300	威远县新场镇天然气有限公司
1000301	(停)四川电子焊接设备公司
1000302	四川二峨曲酒厂
1000305	华油集团燃气销售公司(带气加工)
1000307	四川和协电力有限公司
1000308	四川天新燃气有限责任公司
1000309	眉山青神华龙天然气有限责任公司
1000310	标定中心
1000311	四川省新万兴瓷业有限公司
1000312	四川佳源燃气有限公司（光大）
1000313	广汉市玻璃制瓶有限公司
1000315	泸州三江燃气有限责任公司
1000316	川开电气有限公司
1000317	浅气层公司
1000318	乐山峨沙天然气有限责任公司（燃建+天佛）
1000319	乐山方舟铝业有限公司
1000328	自贡市工业开发区天司
1000329	夹江华兴瓷厂
1000330	四川省农科院经济作物育种载培研究所
1000331	输气管理处(生产)
1000332	中国石油天然气股份有限公司西南油气田威远压缩天然气站
1000333	夹江科达瓷厂
1000334	(停)川油输气华龙技术开发公司
1000335	输气公司劳服司
1000336	夹江蓉华陶瓷厂
1000337	乐山裕华釉料有限责任公司
1000338	宜宾芙蓉玻棉制品有限责任公司
1000339	方正瓷业有限公司
1000340	四川省渠县农贸有限公司
1000341	夹江县美乐陶瓷厂
1000342	川盐肥料公司
1000343	资阳钢管厂
1000344	九禾农资股份有限公司
1000345	川中油气矿
1000346	四川省犍为华生瓶业有限公司（犍为玻璃厂）
1000347	川西南气矿
1000348	眉山压缩天然气发展有限责任公司
1000349	平武县天然气有限责任公司
1000350	四川同庆思明化工有限公司天然气汽车加气站
1000351	四川金象化工股份有限公司（彭州）
1000352	乐山市蓉嘉压缩天然气有限责任公司
1000353	四川夹江县明珠瓷砖厂
1000354	夹江县华丽琉璃厂
1000355	夹江县光达陶瓷厂
1000356	新津县花源天然气有限公司
1000357	渡舟脱硫分厂
1000358	峨眉山金陶瓷业发展有限公司
1000359	夹江宏发瓷厂
1000360	四川省威远建业集团有限公司
1000361	自贡市燃气有限责任公司
1000362	四川省广汉市天益天然气有限责任公司
1000363	四川新顺通天然气有限责任公司(眉夹乐)
1000365	四川省井研县欧鹏瓷业有限公司
1000366	四川省资阳新源压缩天然气有限公司
1000367	井研县亚神诺瓷业有限公司
1000368	乐山市中嘉压缩天然气有限公司
1000369	四川石油管理局油气田建设工程总公司生活服务公司
1000370	自贡市邓关玻璃纤维有限公司
1000371	四川新顺通天然气有限责任公司(金沙)
1000373	成都凯能天然气有限责任公司
1000374	郫县华油天然气科技有限公司
1000375	(统)四川宏泰生化有限公司
1000376	宜宾县佳烨燃气有限责任公司
1000377	峨眉山天旅压缩天然气有限责任公司
1000378	四川博能燃气股份有限公司(CNG)
1000380	广汉市中油燃气有限公司
1000381	(停)永兴站
1000382	四川和邦盐化有限公司
1000383	乐山盛和稀土股份有限公司
1000384	罗江天然气公司
1000385	宝鸡石油机械有限责任公司广汉钻采设备厂
1000386	峨眉山金陶瓷业发展有限公司(金沙)
1000387	李家坝瓷厂
1000388	峨眉山市燃气有限责任公司（金沙）
1000389	(停)重庆化工厂
1000390	绵阳西磁科技开发公司
1000391	曲江提灌站
1000392	文星玻璃厂
1000393	乐山华丰磁化复合肥厂
1000394	乐山玻璃厂
1000395	输气复合肥料厂
1000396	销售公司乐山CNG
1000397	(停)江油川西北佳信化工厂
1000398	四川石油管理局华油公司
1000399	四川石油管理局物资总公司
1000401	四川省第六人民医院
1000403	青北江天然气公司
1000404	四川华油油气田产业公司广汉油化分厂
1000405	四川兴能燃气科技股份有限公司
1000406	四川省机场集团有限公司
1000407	非天然气款
1000410	四川医药包装股份有限公司(金沙)
1000411	乐山峨沙天然气有限责任公司（天旅+沙湾民用）
1000412	峨眉山天旅压缩天然气有限责任公司(金沙)
1000413	四川乐华燃气有限责任公司(金沙)
1000416	犍为新兴实业发展有限公司
1000417	成都市中和天然气有限公司
1000418	犍为天然气公司（圣洁）
1000419	乐山利嘉压缩天然气有限公司
1000420	应退气款
1000421	简阳市汽车运输公司(金风车用)
1000422	四川广汉士达炭素股份有限公司
1000423	绵阳燃气有限责任公司（天润CNG）
1000424	合江川油压缩天然气有限公司
1000425	四川英惠燃气发电有限公司
1000429	自贡气款户
1000430	中国石油西南油气田销售分公司乐山CNG加气站
1000431	四川广汉和兴燃气有限公司
1000432	自贡市公交集团有限责任公司
1000433	蓬溪县祥兴压缩天然气洁能有限责任公司
1000434	四川宏源燃气股份有限公司
1000435	资阳百江燃气有限公司（CNG）
1000436	四川石油输气化肥厂广汉经营部
1000437	四川新顺通天然气有限责任公司(杨场站）
1000438	四川眉山川佛油气发展有限公司
1000441	四川佳源燃气有限责任公司
1000442	(统)射洪县洪达家鑫化工有限责任公司
1000443	华油天然气股份有限公司
1000444	成都市佳兴燃气有限责任公司
1000445	成都华阳华气天然气有限责任公司
1000446	自贡供销公司
1000447	广汉特种水泥厂
1000448	四川美青氰胺有限责任公司
1000449	中国石油西南油气田分公司川中油气矿
1000450	四川省川气东送压缩天然气有限公司
1000451	峨眉山市燃气有限责任公司天佛CNG加气站
1000452	成都市吉安燃气有限责任公司
1000453	四川乐华燃气有限责任公司
1000454	(停)曲江提灌站
1000455	四川德阳东辉化工有限责任公司
1000456	中江天然气公司
1000457	(停)江油绵洲燃气有限责任公司
1000458	(停)新津南方天然气有限公司
1000459	(停)江安县博友天然气有限公司
1000460	(停)仁寿县隆鑫天然气经营部
1000461	(停)仁寿县宝飞民用天然气经营部
1000462	威远县越溪镇天然气有限公司
1000463	(停)荣县双古民用天然气经营部
1000464	(停)罗江龙洲天然气有限责任公司
1000465	成都市华新能源服务有限公司
1000466	江安县博友天然气有限公司
1000467	仁寿县隆鑫天然气经营部
1000468	仁寿祥云燃气有限公司
1000469	威远县越溪天然气有限公司
1000470	四川江油绵洲燃气有限责任公司
1000471	罗江县龙洲天然气有限责任公司
1000472	荣县顺发天然气有限公司
1000473	罗家寨项目组
1000474	天然气研究院
1000475	成都市晶冠陶瓷釉料有限公司
1000476	中国石油天然气股份有限公司华北天然气销售分公司
1000477	南充市新星燃气有限公司
1000478	中江县兴隆顺风燃气有限公司
1000479	三台县天龙燃气有限公司
1000480	忠县净化厂
1000481	江津佳禾燃气有限责任公司
1000482	蓬安县天然气汽车加气站
1000483	乐山市煤气总公司（金沙）
1000484	南充市新力管道燃气开发有限公司
1000485	四川仁寿华宇瓷业有限公司
1000486	眉山市凯丰陶瓷有限公司
1000487	输气公司劳动服务公司
1000488	四川华油实业发展总公司
1000489	华油集团燃气销售公司(劳小区)
1000490	四川川港燃气有限责任公司南充嘉陵加油加气站
1000491	(统)四川金象赛瑞化工股份有限公司
1000492	(停)四川石油管理局华阳公共事务管理中心（华阳片区）
1000493	四川石油管理局川西公共事务管理中心
1000494	西南铝业（集团）有限责任公司(新项目)
1000495	东方汽轮机厂（试验用气）
1000496	四川石油管理局川西公共事务管理中心(广汉片区)
1000497	荣县旭瑞天然气有限公司
1000498	夹江新顺通天然气有限责任公司(天建瓷厂）
1000499	中国石油天然气股份有限公司四川南充销售分公司（鹤鸣CNG）
1000500	四川石油管理局成都公共事物管理中心
1000501	成都荣和天然气有限责任公司
1000502	中油南充燃气有限责任公司
1000503	夹江新顺通天然气有限责任公司(丹夹峨)
1000504	江安县巨峰燃气有限责任公司（自贡）
1000505	四川诚实燃气发展有限公司(云南)
1000506	四川泸天化绿源醇业有限责任公司
1000507	江安县巨峰燃气有限责任公司（宜宾）
1000508	成都南玻玻璃有限公司
1000509	井研县天宝燃气有限责任公司五通分公司
1000510	中国石油西南油气田分公司川中油气矿
1000511	云南云天化股份有限公司（带气加工）
1000512	川化股份有限公司（带气加工）
1000513	四川新顺通天然气有限责任公司（夹天司民用）
1000514	乐山腾龙天然气有限责任公司（峨疗）
1000515	二重集团(德阳)重型装备有限责任公司（超合同）
1000516	乐山峨沙天然气有限责任公司（1.0710）
1000517	乐山峨沙天然气有限责任公司（医包）
1000518	乐山峨沙天然气有限责任公司（1.0260）
1000519	乐山峨沙天然气有限责任公司（金陶）
1000520	四川泸天化股份有限公司（带气加工）
1000521	四川天华股份有限公司（带气加工）
1000522	贵州赤天化股份有限公司（带气加工）
1000523	四川石油管理局川西公共事务管理中心(资阳片区)
1000524	四川长征制药股份有限公司（金沙）
1000525	四川瑞松纸业有限公司（金沙）
1000526	乐山市蓉嘉压缩天然气有限责任公司（金沙）
1000527	乐山市中嘉压缩天然气有限公司（金沙）
1000528	乐山利嘉压缩天然气有限公司（金沙）
1000529	四川诚实燃气发展有限公司(金沙）
1000530	(停)巴中兴圣天然气有限责任公司
1000531	巴中兴圣天然气有限责任公司
1000532	重庆杜拉维特洁具有限公司
1000533	中国石油集团川庆钻探工程有限公司安全环保质量监督检测研究院
1000534	江津市车用天然气有限公司
1000535	眉山市海宇压缩天然气有限公司
1000536	(统)四川佳源燃气股份有限责任公司井研分公司
1000537	四川佳源燃气有限责任公司资阳分公司
1000538	四川诚实燃气发展有限公司(威玻)
1000539	四川锦华化工有限责任公司
1000540	成都世纪源通燃气有限公司
1000541	资阳市恒凌燃气有限公司公交CNG
1000542	成都世纪源通燃气有限责任公司
1000543	资阳市恒凌燃气有限公司公交CNG站
1000544	中国石油西南油气田分公司西彭加气站
1000545	其他(输气)
1000546	四川佳源燃气有限责任公司金堂分公司
1000547	其他(输气年计划)
1000548	江安县巨峰燃气有限责任公司
1000549	井研天宝燃气有限责任公司
1000550	乐山峨沙天然气有限责任公司
1000551	乐山市燃气有限责任公司(合计)
1000552	四川新顺通天然气有限责任公司
1000553	其他(月计划富余)
1000554	南充合能压缩天然气有限责任公司
1000555	四川诚实燃气发展有限公司（贵州）
1000556	四川新顺通天然气有限责任公司(三益CNG)
1000557	四川诚实燃气发展有限公司(江津禾丰)
1000558	蓬安县天然气公司(长乐站)
1000559	蓬安县天然气公司(花桥站)
1000560	蓬安县天然气公司
1000561	华中天然气销售分公司(涨价部分)
1000562	重庆凯源石油天然气有限责任公司（西城分公司）
1000563	四川诚实燃气发展有限公司(台商)
1000564	绵阳运利达天然气有限责任公司
1000565	乐山峨沙天然气有限责任公司（沙湾工业）
1000566	自贡市公交集团有限责任公司（合计）
1000567	自贡市公交集团有限责任公司（宇星）
1000568	四川省眉山市兴海宇燃气有限公司
1000569	四川佳源燃气有限公司（眉山分公司）
1000570	乐山市岷江燃气有限责任公司
1000571	(统)射洪丰泽天然气有限公司
1000572	重庆市渝川燃气有限责任公司
1000573	四川天华股份有限公司（绿源醇气）
1000574	广汉中天洋燃气有限公司
1000575	绵阳公交圣水CNG站
1000576	南江县天然气公司
1000577	平昌县港华燃气公司
1000578	通江华润燃气有限公司
1000579	成都世纪新能源公司
1000580	成都天府新区中天洋燃气有限公司
1000581	川化禾浦化工有限责任公司
1000582	四川诚实燃气发展有限公司(龙泉)
1000583	四川诚实燃气发展有限公司(双流)
1000584	四川和邦生物科技股份有限公司(60万吨联碱)
1000585	四川朗泰能源贸易有限公司
1000586	赤水市联众燃气有限公司
1000587	四川兴能燃气集团有限公司
1000588	四川诚实燃气发展有限公司(视高)
1000589	四川广厦利民天然气有限公司
1000590	巴中通达汽车燃气有限公司
1000591	四川省巴中市发展天然气汽车有限公司
1000592	四川诚实燃气发展有限公司(乐华)
1000593	成都青光商贸有限公司温江燎原CNG加气站
1000594	四川佳源燃气有限责任公司江安分公司
1000596	华油集团川西北分公司
1000597	岳池合众能源开发有限公司
1000598	成都通能压缩天然气有限公司
1000599	重庆中燃城市燃气发展有限公司
1000600	渠县天通燃气有限公司
1000601	四川华石环保科技有限公司
1000602	威远庚星天然气有限公司
1000603	华油天然气股份有限公司（龙泉CNG）
1000604	四川川港燃气有限责任公司成都分公司
1000605	鸿富锦精密电子(成都)有限公司
1000606	四川川港燃气有限责任公司成都分公司(成都)
1000607	四川川港燃气有限责任公司成都分公司(资阳地区)
1000608	四川川港燃气有限责任公司成都分公司(江安地区)
1000609	四川川港燃气有限责任公司
1000610	四川龙蟒钛业股份有限公司
1000611	重庆川港燃气有限公司
1000612	中国石油天然气股份有限公司四川眉山销售分公司
1000613	乐山市市中区嘉泰天然气有限公司
1000614	四川石油天然气建设工程有限责任公司
1000615	乐山涌江实业股份有限公司
1000616	泸州化工园区天然气有限公司
1000617	成都蜀油绿能燃气发展有限公司
1000618	资阳川港燃气有限公司
1000619	四川川港燃气有限责任公司江安营销部
1000620	川天化1.4丁二醇项目
1000621	四川天华富邦化工有限责任公司
1000622	中国石油四川石化有限责任公司
1000623	四川金坤天然气有限责任公司
1000624	渠县鑫昇燃气有限公司
1000625	广汉市三水宏鑫燃气有限责任公司
1000626	都江堰市集能燃气有限公司
1000627	犍为县广盛压缩天然气有限责任公司
1000628	中江县安鸿燃气输配有限责任公司
1000629	新津川港燃气有限公司
1000630	嘉会能源技术有限责任公司龙泉驿区十陵CNG加气站
1000631	忠武线外输
1000632	乐山和邦农业科技有限公司
1000633	珙县鼎成天然气有限公司
1000634	彭州川港燃气有限公司
1000635	绵阳泰力能源投资有限公司
1000636	四川广能能源有限公司
1000637	棣华能源投资有限公司
1000638	乐山鑫能燃气有限公司
1000639	泸州市西部天然气有限公司宜宾分公司
1000640	绵阳东升能源有限公司
1000641	绵阳三阳能源科技有限公司
1000642	宜宾国鼎天燃气有限公司
1000643	广汉市宏一天然气有限公司
1000644	成都蜀江公交压缩天然气有限公司
1000645	重庆恒盛能源开发有限公司
1000646	合江县星焰天然气有限公司
1000647	乐山市蜀泰天然气有限公司
1000648	优尼科东海有限公司
1000649	四川西南不锈钢有限公司
1000650	玖龙纸业（乐山）有限公司
1000651	四川新顺通天然气有限责任公司（鑫能燃气）
1000652	(清)四川佳源燃气股份有限责任公司井研分公司
1000653	成都永泰车用燃气技术有限公司高新区中和加气站
1000654	(清)重庆和友碱胺实业有限公司
1000655	(清)成都玉龙化工有限公司
1000656	(清)四川广宇化工股份有限公司
1000657	(清)四川天华股份有限公司
1000658	(清)重庆禾丰化工股份有限公司
1000659	(清)井研县桂祥化工有限责任公司
1000660	(清)四川泸天化股份有限公司
1000661	(清)四川和邦生物科技股份有限公司(30万吨联碱)
1000662	(清)四川金杯化工有限公司
1000663	(清)四川蓥峰实业有限公司
1000664	(清)贵州赤天化股份有限公司赤水化工分公司
1000665	(清)云南水富云天化有限公司
1000666	(清)四川宏泰生化有限公司
1000667	(清)射洪县洪达家鑫化工有限责任公司
1000668	(清)四川金象赛瑞化工股份有限公司
1000669	(清)射洪丰泽天然气有限公司
1000670	(清)都江堰市集能燃气有限公司
1000671	成都金鼎安全印制有限责任公司
1010006	(清)长宁县天能燃气有限责任公司
1010024	(清)四川博能燃气股份有限公司
1010030	(清)龙泉驿华油兴能天然气有限公司
1010032	(清)成都城市燃气有限责任公司
1010076	(清)重庆江津天然气有限责任公司
1010081	(清)四川省金堂县燃气公司
1010084	(清)井研天宝燃气有限责任公司(井研)
1010093	(清)乐山市燃气有限责任公司
1010102	(清)四川省眉山天然气有限责任公司
1010103	(清)四川省眉山市兴能天然气有限公司
1010114	(清)绵阳燃气有限责任公司
1010117	(清)南充市高坪区东观燃气有限公司
1010118	(清)南充嘉能天然气有限责任公司
1010119	(清)南充十里工业街开发建设股份有限公司天然气公司
1010126	(清)渠县华润燃气有限责任公司
1010127	(清)简阳港华燃气有限公司
1010137	(清)仁寿县恒烨燃气有限公司
1010148	(清)四川联发天然气有限责任公司
1010153	(清)双流华阳天然气有限责任公司
1010158	(清)双流县兴能天然气有限责任公司
1010171	(清)眉山新源燃气有限责任公司
1010183	(清)威远县新店燃气有限责任公司
1010185	(清)温江区兴能天然气有限责任公司
1010186	(清)成都台商投资区天然气开发有限公司
1010190	(清)成都市郫都区兴能天然气有限责任公司
1010195	(清)四川省明圣天然气有限责任公司
1010212	(清)宜宾县烨烽天然气有限责任公司
1010222	(清)资阳港华燃气有限公司
1010230	(清)四川省犍为恒邦天然气有限公司
1010288	(清)蓬安县天然气公司(蓬安站)
1010294	(清)重庆市利民天然气有限公司
1010300	(清)威远县新场镇天然气有限公司
1010308	(清)四川天新燃气有限责任公司
1010309	(清)眉山青神华龙天然气有限责任公司
1010315	(清)泸州三江燃气有限责任公司
1010349	(清)平武县天然气有限责任公司
1010356	(清)新津县花源天然气有限公司
1010362	(清)四川省广汉市天益天然气有限责任公司
1010373	(清)成都凯能天然气有限责任公司
1010376	(清)宜宾县佳烨燃气有限责任公司
1010431	(清)四川广汉和兴燃气有限公司
1010465	(清)成都市华新能源服务有限公司
1010466	(清)江安县博友天然气有限公司
1010468	(清)仁寿祥云燃气有限公司
1010469	(清)威远县越溪天然气有限公司
1010472	(清)荣县顺发天然气有限公司
1010477	(清)南充市新星燃气有限公司
1010478	(清)中江县兴隆顺风燃气有限公司
1010479	(清)三台县天龙燃气有限公司
1010484	(清)南充市新力管道燃气开发有限公司
1010497	(清)荣县旭瑞天然气有限公司
1010501	(清)成都荣和天然气有限责任公司
1010502	(清)中油南充燃气有限责任公司
1010504	(清)江安县巨峰燃气有限责任公司（自贡）
1010505	(清)四川诚实燃气发展有限公司(云南)
1010507	(清)江安县巨峰燃气有限责任公司（宜宾）
1010531	(清)巴中兴圣天然气有限责任公司
1010542	(清)成都世纪源通燃气有限责任公司
1010546	(清)四川佳源燃气有限责任公司金堂分公司
1010548	(清)江安县巨峰燃气有限责任公司
1010551	(清)乐山市燃气有限责任公司(合计)
1010555	(清)四川诚实燃气发展有限公司（贵州）
1010562	(清)重庆凯源石油天然气有限责任公司（西城分公司）
1010568	(清)四川省眉山市兴海宇燃气有限公司
1010569	(清)四川佳源燃气有限公司（眉山分公司）
1010570	(清)乐山市岷江燃气有限责任公司
1010574	(清)广汉中天洋燃气有限公司
1010576	(清)南江县天然气公司
1010577	(清)平昌县港华燃气公司
1010578	(清)通江华润燃气有限公司
1010580	(清)成都天府新区中天洋燃气有限公司
1010585	(清)四川朗泰能源贸易有限公司
1010588	(清)四川诚实燃气发展有限公司(视高)
1010600	(清)渠县天通燃气有限公司
1010602	(清)威远庚星天然气有限公司
1010606	(清)四川川港燃气有限责任公司成都分公司(成都经营部)
1010613	(清)乐山市市中区嘉泰天然气有限公司
1010623	(清)四川金坤天然气有限责任公司
1010625	(清)广汉市三水宏鑫燃气有限责任公司
1010628	(清)中江县安鸿燃气输配有限责任公司
1010629	(清)新津川港燃气有限公司
1010634	(清)彭州川港燃气有限公司
1010638	(清)乐山鑫能燃气有限公司
1010643	(清)广汉市宏一天然气有限公司
1010646	(清)合江县星焰天然气有限公司
1010647	(清)乐山市蜀泰天然气有限公司
1010648	乐山市蜀通能源有限责任公司
1010649	四川川港燃气有限责任公司眉山营销部
1010650	四川川港燃气有限责任公司宜宾营销部
1010651	长宁县三鼎天然气有限责任公司
1010652	广汉市国鸿燃气有限责任公司
1010653	成都新都港华燃气有限公司
1010654	成都公交嘉会能源有限公司
1010655	自贡北部湾油脂工业有限公司
1010656	中国石油化工股份有限公司西南油气分公司
1010657	三台县恒烨天然气有限公司
1010658	广汉市中岭燃气有限公司
1010659	眉山市诺舟天然气有限责任公司
1010660	贵州赤天化新能源有限责任公司
1010661	四川川港燃气有限责任公司成都分公司(成都经营部)
1010662	四川川港燃气有限责任公司成都分公司(银鹏)
1010663	简阳蜀能天然气有限公司
1010664	中国石油化工股份有限公司西南油气分公司（连山站）
1010665	泸州天香酒业有限公司
1010666	四川川港燃气有限责任公司自贡分公司
1010667	泸州川玻科技有限公司
1010668	南充格润天然气能源有限公司
1010669	四川省广汉市和平玻璃有限公司
1010670	输气处（四川）
1010671	输气处（重庆）
1010672	广汉市天天光电科技有限公司
1010673	自贡市中皓化工有限公司
1010674	珙县应能天然气有限公司
2000001	(停)铜罐驿天然气办公室*
2000002	重庆长江橡胶厂
2000003	重庆市第二社会福利院
2000004	重庆齿轮箱有限责任公司
2000005	重庆江增船舶重工有限公司
2000006	重庆重齿永进传动设备有限公司
2000007	重庆机床（集团）有限责任公司
2000008	(停)丰都县燃气有限公司(轻工)
2000009	重庆伟盛燃气开发有限公司
2000010	中国石化润滑油有限公司合成油脂分公司
2000011	(停)一品镇天然气办公室
2000012	(停)重庆江北机械厂
2000013	重庆毛条厂
2000014	重庆巴南天然气有限责任公司
2000015	重庆罐头食品总厂破产结算组
2000016	重庆华渝牧工商联合公司
2000017	重庆中燃城市燃气发展有限公司
2000018	四川储备物资管理局157处
2000019	重庆万里控股(集团)股份有限公司
2000020	重庆三五三三印染服装总厂有限公司
2000021	重庆川维物流有限公司
2000022	重庆锦程实业有限公司
2000023	攀钢集团重庆钛业有限公司
2000024	重庆市彩鱼陶瓷色料有限公司
2000025	重庆城市管理职业学院
2000026	重庆大江工业有限责任公司
2000027	(停)temp龙溪镇分社
2000028	重庆华渝电气集团有限公司
2000029	重庆西南合成制药有限公司
2000030	重庆锦晖陶瓷有限公司
2000031	重庆耐德山花特种车有限责任公司
2000032	(停)渝北区人和镇民用气办
2000033	(停)中国民航重庆市管理局
2000034	(停)西南航天职工大学
2000035	重庆市巴南化肥有限公司
2000036	庆铃汽车股份有限公司
2000037	重庆工具厂有限责任公司
2000038	重庆广播电视大学
2000039	重庆通用工业集团有限责任公司制冷空调设备制造公司
2000040	重庆潍柴发动机有限公司
2000041	重庆钢铁集团钢管有限责任公司
2000042	重庆绸厂
2000043	重庆望江工业有限公司
2000044	重庆工业搪瓷厂
2000045	重庆水轮机厂有限责任公司
2000046	重庆四钢钢业有限责任公司
2000047	重庆通用工业(集团）有限责任公司
2000048	重庆公事中心(测井公司)
2000049	川东天然气净化总厂重庆办事处*
2000050	重庆渝鹏玻璃有限公司
2000051	重庆钢丝绳厂
2000052	重庆华强化肥有限公司
2000053	长江航务管理局川江港机厂
2000054	重庆科技学院
2000055	重庆金琅搪瓷有限公司
2000056	重庆华浩冶炼有限公司
2000057	重庆公事中心(渝油物业管理)
2000058	重庆港华燃气有限公司
2000059	兴隆镇民用天然气管理站
2000060	重庆川油运输有限责任公司陈家坪加气站*
2000061	(停)成都华川电装品总厂重庆分厂
2000062	重庆公事中心(川油运输)
2000063	(停)綦江通力汽车有限责任公司
2000064	油建有限责任公司管道防腐公司*
2000065	重庆綦江玻璃制品有限公司
2000066	重庆燃气有限公司渝西分公司
2000067	重庆市第二公共交通公司
2000068	(停)重天司江北分公司(民用)
2000069	重庆钢铁集团运输有限责任公司
2000070	四川石油管理局重庆办事处
2000071	重庆渝高科技产业(集团）股份有限公司
2000072	重庆江北化肥有限公司
2000073	重庆川庆化工有限责任公司
2000074	(停)凯源北城鱼咀站
2000075	重庆市化工研究院
2000077	(停)重庆大江车辆总厂铸钢分厂
2000078	綦江齿轮传动有限公司
2000079	(停)重庆曙光玻璃纤维厂
2000080	重庆市合川化肥有限公司
2000081	重庆市陵川天然气有限公司
2000082	华能重庆珞璜发电有限责任公司
2000083	(停)重天司北碚分公司(民用)
2000084	(停)重庆天然气公司(民用)
2000085	重庆公事中心(重庆仪器厂)
2000086	(停)达川市建筑陶瓷厂
2000087	四川省广安市王中王瓷业有限公司
2000088	(停)四川煌歌集团有限公司
2000089	华蓥天司(本部)
2000090	(停)达川市公共汽车总公司
2000091	(停)四川达县天然气有限公司
2000092	(停)达川市燃气总公司
2000093	(零)四川省邻水爱众燃气有限公司
2000094	重庆长风化学工业有限公司
2000095	重庆长寿化工有限责任公司
2000096	重庆华彩化工有限责任公司
2000097	(统)重庆市三灵化肥有限责任公司
2000098	(统)重庆富源化工股份有限公司
2000099	重庆市长寿区殡仪馆
2000100	重庆渝长燃气自来水有限责任公司
2000101	(零)重庆建峰化肥有限公司
2000102	长寿云台供电所
2000104	重庆市长寿实验中学校
2000105	(停)涪陵安成燃气有限责任公司(民用）
2000106	长寿供电营业所
2000107	重庆长航川江船厂
2000108	重庆市垫江监狱
2000109	重庆公事中心垫江
2000110	(停)丰都县燃气有限公司(民用)
2000112	重庆市万州天然气公司
2000113	(停)宣汉县汉通天然气公司
2000114	重庆市开州区南雅天然气有限公司
2000115	重庆梁平天然气有限责任公司
2000116	(停)重庆市开县天然气公司(民用)
2000117	(零)开江华润燃气有限公司
2000118	佛山新美陶瓷重庆（集团）有限公司
2000119	四川石油管理局地质调查处梁平办事处
2000120	中国石化集团四川维尼纶厂
2000121	易德(社坛)
2000122	重庆合川燃气有限责任公司
2000123	重庆长安铃木汽车有限公司
2000124	(停)重庆蓝光能源科技开发公司
2000125	(停)重庆市开县天然气公司(轻工)
2000126	重庆金联陶瓷有限公司
2000127	(停)重庆市垫江大雷碳黑厂
2000128	(零)忠县民旺天然气供应有限公司
2000129	(停)达县化工总厂
2000130	(停)达县私车
2000131	(停)开江县化工厂
2000132	(停)川东天然气股份有限公司（垫江鼎发）
2000133	(停)垫江化工总厂
2000134	(停)垫江碳黑厂
2000135	凯源万州分公司(天城天司)
2000136	忠县国营化工厂
2000137	重庆忠县燃气有限责任公司
2000138	开县铁桥天然气有限责任公司
2000139	(停)垫江化工建材厂
2000141	(停)长寿车队
2000144	长寿经销公司(渡、新、七)
2000145	(停)长寿云台粮油管理站
2000146	(停)劳服司（制肥厂）
2000147	(停)巴南区一品客车队
2000148	江北县车队
2000149	(停)重庆第六棉纺织厂
2000151	(停)重庆东方红化工厂
2000152	(停)重庆市涪陵天然气公司(化肥)
2000154	重庆零星用气
2000155	重庆毛纺织染厂
2000157	(停)重庆市规划局龙溪镇规划办
2000159	(停)大江车辆总厂青江分厂
2000160	(停)长江二桥民用
2000162	凯源巴南分公司(李家沱民用)
2000163	(停)凯源北城分公司(机械)
2000164	(停)重庆渝达天然气公司
2000165	四川石油管理局川东开发公司*
2000166	(停)开县蒲江天然气公司
2000167	重庆钢铁集团铁业有限责任公司
2000168	(停)重庆大江厂物业公司
2000169	西南油气田分公司重庆气矿大竹作业区（天然气与管道）
2000170	西南油气田分公司重庆气矿垫江作业区（天然气与管道）
2000171	万州采输作业区
2000172	梁平作业区
2000173	渝北运销部
2000174	脱硫厂(生活)
2000176	(停)重庆农友复合肥厂
2000177	(停)川西南恒大复合肥厂
2000178	(停)重庆多能制肥厂
2000180	(停)北碚氮肥厂
2000181	(停)重天司北碚分公司(轻工)
2000182	(零)重燃司江北分公司(江北)
2000183	(停)重天司江北分公司(商业)
2000184	(停)重庆天然气公司(商业)
2000185	(停)重庆天然气公司(冶金)
2000186	(停)重庆天然气公司(军工)
2000187	(停)重庆天然气公司(轻工)
2000188	重燃司(江北)
2000189	长寿经销公司(长寿)
2000190	长寿经销公司(丰禾)
2000191	(停)凯源北城分公司(民用)
2000192	凯源巴南分公司(岔路口长航CNG)
2000193	凯源CNG
2000194	(停)凯源巴南经销公司(杜市站)
2000196	重庆凯源总公司(铁山坪)
2000197	脱硫厂(检修)
2000198	(停)凯源北城鱼咀站-TEMP
2000199	凯源(鹿角湾CNG)
2000200	重庆泰戈新能源发展有限公司渝北区龙脊路CNG加气站
2000201	马勒发动机零部件(重庆)有限公司
2000202	重庆市渝川燃气有限责任公司（渝北36）
2000203	长寿经销公司(文星)
2000204	长寿经销公司(垫江)
2000205	长寿经销公司(任)
2000206	凯源北城分公司（江北）
2000207	凯源北新公司（渝北）
2000208	凯源西城公司（江北）
2000209	凯源北新分公司(龙兴)
2000210	渝川天司（渝北47）
2000211	(停)渝川天司（江北47）
2000212	(停)重天司江北分公司（轻工）（渝北）
2000215	重庆渝川燃气责任公司（长寿）
2000216	凯源巴南分公司(李八路口CNG)
2000217	(停)四川锦蓉浅层石油器材有限公司
2000218	(停)渝川天然气公司（长风）
2000219	川东净化厂化工车间
2000220	重燃司(渝北)
2000221	(零)重燃司江北分公司(渝北)
2000222	(停)重天司北碚分公司
2000223	(零)重庆丰都燃气有限责任公司
2000224	(零)重庆涪陵燃气有限责任公司
2000225	(零)重庆市开州区燃气有限责任公司
2000227	渝川公司（江北）
2000228	凯源北城分公司(渝北)
2000229	重庆燃气集团股份有限公司北碚分公司
2000230	(停)中石化西南油气田分公司川北采输处
2000231	(停)四川石油管理局物资总公司重庆化工厂
2000232	中国石油天然气股份有限公司西南油气田分公司鱼洞CNG加气站
2000233	中国石油天然气股份有限公司重庆销售分公司
2000234	(停)渝川公司代输气直供户总量
2000235	大竹华润燃气有限公司
2000236	中国石油天然气股份有限公司西南油气田分公司邻水CNG加气站
2000237	(零)重庆凯源石油天然气有限责任公司
2000238	净化总厂重庆办事处
2000239	重庆市渝川燃气有限责任公司
2000240	(统)重庆燃气集团股份有限公司
2000241	重庆燃气集团股份有限公司江北分公司
2000242	渝川(鑫嘉源)
2000243	重庆市渝川燃气公司（合川富源燃气）
2000244	重庆市渝川燃气公司（西师育才学院）
2000245	重庆市渝川燃气公司（星源玻璃器皿厂）
2000246	重庆市渝川燃气公司（合川东渡民用）
2000247	重庆公事中心(江北鹿角湾)
2000248	重庆公事中心(川东开发公司)
2000249	重庆公事中心(七桥基地)
2000250	(零)重庆民利燃气有限公司
2000251	凯源CNG(陈家坪)
2000252	重庆市渝北区佳渝天然气有限公司
2000253	(停)四川石油管理局重庆公共事务管理中心
2000254	四川石油管理局重庆公共事务管理中心
2000255	重庆公事中心(地调梁平办事处)
2000256	重庆市渝川燃气有限责任公司（长寿化工园区）
2000257	重庆鼎发实业公司（垫江县脱硫厂）
2000258	重庆市渝川燃气有限责任公司(万盛)
2000259	重庆市渝川燃气有限责任公司(南川)
2000260	渝川(重庆机场)
2000261	渝川(綦江长风锻造)
2000262	四川华油实业发展总公司
2000263	渝川(大渡口分公司)
2000264	重庆市渝川燃气有限责任公司(德感工业园)
2000265	(停)重庆市渝川燃气有限责任公司
2000266	重庆市渝川燃气有限责任公司(长寿工业园区）
2000267	扬子江乙酰化工有限公司
2000268	四川石油管理局重庆公共事务管理中心（净化厂化工车间）
2000269	重庆公事中心(净化厂重庆办事处)
2000270	(停)四川石油管理局重庆公共事务管理中心（川油运输）
2000271	(停)四川石油管理局重庆公共事务管理中心（测井公司）
2000272	(停)四川石油管理局重庆公共事务管理中心（重庆仪器厂）
2000273	(停)四川石油管理局重庆公共事务管理中心（重庆渝油物业）
2000274	(停)四川石油管理局重庆公共事务管理中心（重庆仪器厂）
2000275	重庆龙禹渝兴石油有限公司
2000276	索渝(清水镇)
2000277	华蓥天司(大竹石子民用)
2000278	(零)华蓥市天然气有限责任公司
2000279	中化重庆涪陵化工有限公司
2000280	重庆市渝川燃气有限责任公司（南川氧化铝）
2000281	易德(虎威)
2000282	(零)重庆市易德燃业发展有限公司
2000283	索渝(石河镇)
2000284	(停)重庆一天有限公司
2000285	(停)万州未脱硫
2000286	(零)四川索渝燃气有限公司
2000287	四川石油管理局川东开发公司(云安16#)
2000288	重庆龙洲湾天然气有限公司
2000289	渝川(长寿分公司)
2000290	渝川(万盛分公司)
2000291	渝川(南川分公司)
2000292	重庆新城天然气有限责任公司（江北）
2000293	(统)凯源开县
2000294	凯源公司（北部工业园区）
2000295	凯源CNG(鹿角湾)
2000296	重庆新城天然气有限责任公司（渝北）
2000297	重庆川港燃气有限公司
2000298	中石化川北采输处*
2000299	(零)索渝邻水
2000300	(停)开发公司风险作业服务(未进管网四川)
2000301	凯源石油天然气有限责任公司(开发-四川)
2000302	开发公司风险作业服务(未进管网重庆）
2000303	重庆市云阳太湖丝绸有限责任公司(开发直供--云安6)
2000304	重庆市清心饮品有限公司(开发直供--云安6))
2000305	凯源(大竹天司)
2000306	凯源(大竹三鑫天司)
2000307	(零)凯源开江
2000308	重庆扬子江特种玻棉有限公司(开发直供--云安6)
2000309	凯源(云阳天司)
2000310	(零)凯源邻水
2000311	新城公司(开发四川)
2000312	凯源(顺通燃气洛碛民用)
2000313	凯源(中梁山煤电公司)
2000314	凯源(江津市天源)
2000315	凯源(綦江永新天司)
2000316	凯源(鼎发月东3井)
2000317	重庆世纪民生能源有限责任公司(开发直供)
2000318	统景镇燃气管理站(开发)
2000319	茂源天然气公司(开发---长寿)
2000320	重庆市开县天然气公司（开发地砖新厂）
2000321	钻探劳动服务公司(开发德基盛)
2000322	凯源(重庆公事中心两路、沙坪、龙脊、南桥寺)
2000323	凯源石油天然气有限责任公司(开发)
2000324	重庆新城公司(开发)
2000325	重庆市渝川燃气有限责任公司(开发重庆)
2000326	重庆渝川燃气有限责任公司(开发四川)
2000327	重庆渝川燃气有限责任公司(开发-四川)
2000328	开县浦江天然气有限责任公司(开发)
2000329	凯源(奉节巫山县三峡风天司)
2000330	凯源(云阳县压缩天然气公司)
2000331	云安16井供开发公司气量（开发）
2000332	凯源(华蓥山林场)
2000333	凯源(重庆公管中心七桥钻探)
2000334	公共事务管理中心(开发--长寿云台)
2000335	公共事务管理中心(开发--渝北通讯队两路沙坪大石坝)
2000336	重庆公共事务管理中心(开发)
2000337	茂源天然气公司(开发--垫江)
2000338	茂源天然气公司(开发---梁平)
2000339	茂源天然气公司(开发--长寿)
2000340	垫江大雷石灰厂（开发直供）
2000341	凯源北新公司园区配气站北部工业园区(开发)
2000342	(停)凯源北新公司北部工业园区
2000343	凯源北新茨竹镇民用(开发)
2000344	凯源西城分公司(巴福镇)
2000345	凯源巴南分公司(伟盛杜市镇)
2000346	凯源CNG(中梁山)
2000347	凯源万州分公司(万州CNG)
2000348	凯源万州分公司(董家)
2000349	凯源万州分公司(巴营)
2000350	凯源万州经销公司拔山汝溪新立马罐（开发）
2000351	凯源万州分公司(人和园区)
2000352	凯源万州分公司(黄石镇民用气)
2000353	凯源万州经销公司武陵（开发）
2000354	新城公司四川佳源燃气（开发）
2000355	新城嘉陵玻璃纤维（开发）
2000356	重庆燃气集团公司江北分公司（开发直供--渝浅128井）
2000357	渝川大竹
2000358	渝川(高穴民用)
2000359	渝川开江
2000360	渝川(邻水县中学)
2000361	渝川(金鼎实验学校)
2000362	渝川(金鼎花苑用气)
2000363	渝川合川市东渡民用（开发）
2000364	渝川西南师范大学育才学院(开发)
2000365	渝川(重庆船舶)
2000366	渝川(南桥人家)
2000367	渝川重庆机场（开发）
2000368	渝川蓝宇印铁（开发）
2000369	渝川亚光鞋业（开发）
2000370	渝川自力耐火材料（开发）
2000371	忠县天然气公司（开发）
2000372	渝川重庆重型铸锻厂（开发）
2000373	渝川垫江
2000374	渝川国际复合（开发）
2000375	渝川星源玻璃（开发）
2000376	渝川合川富源燃气（开发）
2000377	渝川德感工业原区（开发）
2000378	渝川四川佳源（开发）
2000379	渝川攀钢钛业（开发）
2000380	渝川渝鹏玻璃（开发）
2000381	渝川钢铁集团钢管（开发）
2000382	凯源(重庆公管中心(烟坡、钻探物资))
2000383	茂源天然气公司（开发）
2000384	川东开发公司自营销售量(开发直供--云安6#)
2000385	大竹天然气公司(开发--邻水)
2000386	大竹天然气公司(开发)
2000387	渝川万创无缝钢管厂（开发）
2000388	重庆公事中心(油建防腐)
2000389	建滔天然气化工(重庆)有限公司
2000390	重庆正能燃气有限责任公司
2000391	其它(重庆气矿)
2000392	重庆市渝川燃气有限责任公司(开发风险)
2000393	凯源石油天然气有限责任公司(未上市)
2000394	重庆新城天然气有限责任公司(开发风险）
2000395	凯源石油天然气有限责任公司（开发四川）
2000396	渝川大江车辆总厂(开发风险)
2000397	渝川长安铃木(开发风险)
2000398	新城(长风中远)
2000399	新城(耐德山花临供)
2000400	罐头食品总厂（开发风险）
2000401	李八路口加气站（开发风险）
2000402	渝川綦江齿轮（开发风险）
2000403	渝川南川先锋氧化铝（开发风险）
2000404	渝川中立物资（开发风险）
2000405	李家沱长航CNG（开发风险）
2000406	凯源石油天然气有限责任公司(开发风险计划)
2000407	重庆市渝川燃气有限责任公司(开发风险计划)
2000408	重庆新城天然气有限责任公司(开发风险计划)
2000409	中国石化集团四川维尼纶厂（河坝1井）
2000410	川渝运输公司陈家坪CNG（开发风险）
2000411	两路CNG(开发风险)
2000412	鹿角湾CNG(开发风险)
2000413	凯源红旗河沟CNG(开发风险)
2000414	渝川渝南CNG(开发)
2000415	渝川三灵（开发风险）
2000416	渝川涪陵化工（开发风险）
2000417	渝川锦晖陶瓷（开发风险）
2000418	渝川巴南化肥（开发风险）
2000419	建峰三聚氰氨
2000420	渝川(渝黔CNG)
2000421	重庆新城天然气有限责任公司(长寿)
2000422	重庆天原化工有限公司
2000423	渝川万盛民用(开发)
2000424	凯源鸳鸯镇民用（开发）
2000425	凯源人和CNG（开发）
2000426	新城(渝鹏玻璃临供)
2000427	新城(大江信达车辆临供)
2000428	渝川龙洲湾（开发）
2000429	渝川博奥镁业(开发)
2000430	渝川紫光国际(开发)
2000431	渝川国际复合长寿(开发)
2000432	新城(攀钢钛业临供)
2000433	新城(无缝管件临供)
2000434	新城(长安铃木临供)
2000435	渝川綦江华强机械设备有限公司(开发)
2000436	渝川綦江华强公司
2000437	渝川綦江机械设备公司(开发)
2000438	渝川三五三三(开发)
2000439	(统)华蓥大竹
2000440	渝川万州
2000441	凯源CNG(鸳鸯)
2000442	凯源长寿分公司(桃花CNG)
2000443	凯源渡舟宏智化工厂
2000444	凯源北新分公司(环浅2井)
2000445	渝川嘉陵玻璃纤维(开发)
2000446	渝川綦江机械设备公司
2000447	渝川(綦江工业园区还建房)
2000448	渝川(星博化工)
2000449	凯源鸳鸯CNG(开发)
2000450	重庆盛焰能源股份有限公司
2000451	重庆市渝琥玻璃有限公司
2000452	（统）凯源忠县
2000453	重庆君峰燃气有限责任公司
2000454	重庆市众源天然气有限公司
2000455	綦江机械设备
2000456	重庆市银泰天然气有限公司
2000457	渝川李渡园区
2000458	重庆建峰化工股份有限公司(2化)
2000459	渝川(川染临供)
2000460	重庆啤酒厂
2000461	索渝(大竹站)
2000544	新城(双山CNG)
2000550	渝川梁平
2000562	渝川(重型铸锻)
2000578	渝川邻水
2000579	渝川忠县
2000580	渝川长寿
2000581	渝川开县
2000582	(零)凯源大竹
2000583	(统)凯源垫江
2000584	(零)凯源万州
2000585	(统)凯源梁平
2000586	(零)凯源长寿
2000587	(零)凯源渝北
2000588	(统)凯源江北
2000589	(零)索渝大竹
2000590	(零)华蓥邻水
2000591	重庆公事中心梁平
2000592	重庆公事中心渝北
2000593	重庆公事中心江北
2000594	川港长寿
2000595	川港渝北
2000596	川港江北
2000597	川港大竹
2000598	川港邻水
2000599	川港垫江
2000600	川港万州
2000601	川港忠县
2000602	川港梁平
2000603	川港开县
2000604	川港开江
2000605	渝川渝北
2000606	渝川江北
2000607	重庆伟盛燃气开发有限公司（渝北）
2000608	重庆伟盛燃气开发有限公司（江北）
2000609	中和渝北
2000610	邻水县佳源天燃气有限责任公司
2000611	中和江北
2000612	重庆中和天然气开发有限公司
2000613	大竹县晶鑫天然气有限公司
2000614	重庆卡贝乐化工有限责任公司
2000615	重庆市科能天然气有限公司
2000616	重庆国之四维卫浴有限公司
2000617	华能重庆两江燃机发电有限责任公司
2000618	重庆恒盛能源开发有限公司
2000619	沈阳黎明航空发动机（集团）有限责任公司开江黎明燃机试验厂
2000620	四川省诚实燃气发展有限公司
2000621	(统重)达州市公共交通有限公司
2000622	(统重)四川达县天然气有限公司
2000623	(统重)达州华润燃气有限公司
2000624	(统重)宜宾天康燃气有限公司三汇分公司
2000625	(统重)达州市八方能源有限公司
2000626	(统重)达州市博胜燃气有限公司
2000627	(统重)达州市鹏源燃气有限责任公司
2000628	(统重)中石油达州天然气有限责任公司(四川)
2000629	(统重)渠县裕丰燃气有限公司
2000630	(统重)四川川港燃气有限责任公司达州分公司(达州)
2000631	(统)四川省邻水爱众燃气有限公司
2000632	(统)重庆建峰化肥有限公司
2000633	(统)开江华润燃气有限公司
2000634	(统)重庆丰都燃气有限责任公司
2000635	(统)重庆涪陵燃气有限责任公司
2000636	(统)重庆市开州区燃气有限责任公司
2000637	(统)索渝大竹
2000638	(统)重庆凯源石油天然气有限责任公司
2000639	(统)凯源邻水
2000640	(统)凯源万州
2000641	(统)凯源长寿
2000642	(统)凯源渝北
2000643	(统)华蓥邻水
2000644	(统重)宣汉和信天然气有限公司
2000645	(统重)达州市华蜀实业有限责任公司
2000646	(统重)宣汉县前河天然气有限公司
2000647	(零)华蓥大竹
2000648	(统)华蓥市天然气有限责任公司
2000649	(统)忠县民旺天然气供应有限公司
2000650	(统)四川索渝燃气有限公司
2000651	(清)重庆燃气集团股份有限公司江北分公司
2000652	(统)重燃司江北分公司(渝北)
2000653	(统)重燃司江北分公司(江北)
2000654	泸州川油天然气有限公司
2000655	大竹县三鑫天然气有限责任公司
2000656	聚源(梁平)
2000657	重庆顺通燃气有限公司
2000658	重庆伟盛燃气开发有限公司（长寿）
2000659	大竹华润(大竹)
2000660	大竹华润(邻水)
2000661	(清)重庆华强化肥有限公司
2000662	(清)重庆江北化肥有限公司
2000663	(清)重庆市三灵化肥有限责任公司
2000664	(清)重庆富源化工股份有限公司
2000665	(清)建峰三聚氰氨
2000666	(清)重庆燃气集团股份有限公司
2010014	(清)重庆巴南天然气有限责任公司
2010017	(清)重庆中燃城市燃气发展有限公司
2010058	(清)重庆港华燃气有限公司
2010081	(清)重庆市陵川天然气有限公司
2010100	(清)重庆渝长燃气自来水有限责任公司
2010112	(清)重庆市万州天然气公司
2010115	(清)重庆梁平天然气有限责任公司
2010137	(清)重庆忠县燃气有限责任公司
2010220	(清)重燃司(渝北)
2010229	(清)重庆燃气集团股份有限公司北碚分公司
2010252	(清)重庆市渝北区佳渝天然气有限公司
2010390	(清)重庆正能燃气有限责任公司
2010439	(清)华蓥大竹
2010450	(清)重庆盛焰能源股份有限公司
2010453	(清)重庆君峰燃气有限责任公司
2010588	(零)凯源江北
2010596	(清)川港江北
2010606	(清)渝川江北
2010608	(清)重庆伟盛燃气开发有限公司（江北）
2010611	(清)重庆中和天然气开发有限公司
2010613	(清)大竹县晶鑫天然气有限公司
2010615	(清)重庆市科能天然气有限公司
2010659	(清)大竹华润(大竹)
2010660	重庆市万盛经开区丛林天然气有限公司
2010661	(统)重庆市易德燃业发展有限公司
2010662	綦江县篆塘搪瓷厂
2010663	重庆市永川区石油天然气安装工程有限公司
2010664	(统)重庆民利燃气有限公司
2010665	重庆市万州区惠民天然气有限公司
2010666	（统）凯源忠县
2010667	重庆市梁平区聚源天然气有限公司
2010668	重庆销售部（四川）
2010669	重庆销售部（重庆）
2010670	大竹县惠民天然气有限责任公司
3000001	四川玻璃股份有限公司
3000002	四川泸天化股份有限公司
3000003	四川天华股份有限公司
3000004	自贡鸿鹤化工股份有限公司
3000005	自贡市富源化工有限公司
3000006	中昊晨光化工研究院有限公司
3000007	(停)自贡市玻纤二厂
3000008	四川理工学院
3000009	自贡市埃菲尔陶瓷有限公司
3000010	四川飞球（集团）有限责任公司
3000011	四川省自贡机床厂
3000012	自贡市富顺糖厂离退休委员会
3000013	华油天然气股份有限公司（自贡）
3000014	(停)川西南华油集团科技开发总公司
3000015	(停)富顺陶厂
3000016	荣县旭东建材有限公司
3000017	(零)自贡市燃气有限责任公司
3000018	(停)自贡市沿滩区天然气公司
3000019	富顺县天然气有限责任公司
3000020	富顺县天然气有限责任公司（赵化气管站）
3000021	自贡市富鑫天然气有限公司
3000022	自贡市大安区何市镇
3000023	自贡市沿滩区富全镇人民政府
3000024	自贡市贡井区白庙镇人民政府
3000025	自贡市贡井区白庙小学校
3000026	西南石油局第二地质大队
3000027	自贡恐龙博物馆
3000028	富顺第二中学校
3000029	自贡市财政干部学校（牛佛财校）
3000030	四川川投水务集团荣县天然气有限公司
3000031	富顺县狮市天然气管理站
3000032	自贡市达顺天然气有限公司
3000033	宜宾中气天然气有限责任公司(自贡作业区)
3000034	四川石油管理局川西南矿区（自贡）
3000035	宜宾县源源天然气有限责任公司
3000036	宜宾天原集团股份有限公司
3000037	宜宾金洋能源动力厂
3000038	宜宾金川电子有限责任公司
3000039	宜宾三江机械有限责任公司
3000040	重庆长江电工工业集团有限公司南山分公司
3000041	宜宾市南溪区益众天然气有限公司
3000042	宜宾北方川安化工有限公司
3000043	四川北方红光化工有限公司
3000044	宜宾纸业股份有限公司
3000045	宜宾中元造纸有限责任公司
3000046	宜宾天科新能源开发有限责任公司
3000047	宜宾华润燃气有限公司
3000048	中国轻工业机械总公司宜宾造纸机械厂
3000049	四川煤矿基本建设工程公司建筑安装公司
3000050	四川电力燃料有限责任公司宜宾分公司
3000051	(停)四川省宜宾公路养护管理总段工程队
3000052	中国石油天然气股份有限公司四川宜宾销售公司
3000053	四川省宜宾惠美线业有限责任公司
3000054	宜宾学院
3000055	宜宾市收费公路管理处
3000056	宜宾天然气发展有限公司
3000057	宜宾县嘉禾天然气有限责任公司
3000058	宜宾中气天然气有限责任公司
3000059	宜宾市南溪区天然气有限公司
3000060	珙县巨能天然气有限公司
3000061	(停)南溪县氮肥厂
3000062	长宁县天能燃气有限责任公司
3000063	宜宾天康燃气有限公司（李庄站）(纳溪)
3000064	(零)四川隆桥化工集团有限公司
3000065	隆昌炭黑有限责任公司
3000066	中铁隆昌铁路器材有限公司
3000067	隆昌山川精密焊管有限责任公司
3000068	四川隆昌红动玻璃有限公司
3000069	(停)temp-华油天然气股份有限公司（内江站）
3000070	隆昌市新原油气有限责任公司
3000071	四川白塔新联兴陶瓷集团有限责任公司
3000072	四川省威远建业集团有限公司
3000073	(停)隆昌建陶厂(中明公司)
3000074	隆昌县自来水公司
3000075	(停)隆昌县国土局
3000076	隆昌华润燃气有限公司
3000077	内江铁路建筑段
3000078	内江华润燃气有限公司
3000079	威远港华燃气有限公司
3000080	(停)威远新场镇
3000081	(停)temp-川西南华油集团公司（隆昌）
3000082	资中县成双龙江天然气有限公司
3000083	四川石油天然气建设工程有限责任公司
3000084	四川石油管理局井下作业处
3000085	四川石油管理局物资总公司隆昌公司
3000086	四川石油管理局资阳汽车运输公司
3000087	四川石油射孔器材有限责任公司
3000088	资中华润燃气有限公司
3000089	泸州化工学校氮肥厂
3000090	四川鸿鹄集团泸州化工有限公司
3000091	(停)泸州天力化肥厂
3000092	泸州鑫福化工有限公司
3000093	四川天一科技股份有限公司泸州分公司
3000094	(停)四川省塑料厂
3000095	泸州长沱活塞环有限公司
3000096	泸州北方化学工业有限公司(纳溪)
3000097	泸州天成生玻璃有限责任公司
3000098	泸州老窖酿酒有限责任公司
3000099	泸州粤川瓷业有限公司
3000100	泸州鑫杰玻璃有限公司
3000101	泸州天兴玻纤有限公司
3000102	泸州力迦玻璃制品有限公司
3000103	泸州酒城玻璃厂
3000104	锐佳科技陶瓷工业（四川）有限公司（泸州兴达新瓷业有限公司）
3000105	(停)泸州市公共交通总公司
3000106	泸州市天益巴士发展有限公司(泸州)
3000107	(停)泸州市公共交通有限公司
3000108	泸州华油压缩天然气有限责任公司
3000109	泸县川油压缩天然气有限公司
3000110	(停)泸州石油广通运输实业公司
3000111	泸州天韵瓷业有限公司
3000112	中明建陶〈泸州〉有限公司
3000113	泸州华润兴泸燃气有限公司(泸州城区)
3000114	合江县星焰天然气有限公司
3000115	叙永县天然气有限公司(江安)
3000116	泸州川油天然气有限公司（泸州）
3000117	泸州市纳溪区气象局
3000118	(停)泸州市纳溪化肥厂
3000119	(停)泸州市建筑陶瓷厂
3000120	中国人民解放军95631部队
3000121	泸州市龙马潭区四通燃料有限公司
3000122	泸州川南小集镇能源开发有限公司（云锦气管站）
3000123	泸州川南小集镇能源开发有限公司（况场气管站）
3000124	泸州川南小集镇能源开发有限公司(毗卢气管站)
3000125	泸州太昌能源有限公司(纳溪)
3000126	泸州川南小集镇能源开发有限公司(青龙气管站)
3000127	宜宾天康燃气有限公司泸州分公司（黄舣站）
3000128	泸州市龙马潭区创发管道天然气站
3000129	泸州川南小集镇能源开发有限公司(先市站)
3000130	泸州川南小集镇能源开发有限公司(凤鸣站)
3000131	泸州昌华燃料有限公司（上马镇）（纳溪）
3000132	泸州纳溪高分子化工厂
3000133	宜宾天康燃气有限公司泸州分公司（石棚站）
3000134	川南矿区（纳溪）
3000135	(停)四川石油管理局测井公司川南测井分公司
3000136	(停)四川石油管理局油气田建设工程总公司第四公司
3000137	(停)四川石油管理局天然气研究院
3000138	泸州市龙马潭区四通燃料有限公司牛滩分公司
3000139	永川市化肥〈集团〉有限公司
3000140	重庆紫光化工股份有限公司
3000141	(停)重庆永川化工厂
3000142	四川省天然气化工研究院永川研究所
3000143	重庆永川石油化工有限责任公司
3000144	重庆市鸿旭釉料有限责任公司
3000145	重庆跃进机械厂
3000146	上汽依维柯红岩商用车有限公司
3000147	重庆液压件厂
3000148	重庆红江机械厂
3000149	重庆嘉陵益民特种装备有限公司
3000150	重庆长江特种装备有限公司
3000151	重庆红宇精密工业有限责任公司
3000152	中国长安汽车集团股份有限公司重庆青山变速器分公司
3000153	(停)永川市压缩天然气有限责任公司
3000154	(停)壁山CNG(内销)
3000155	(停)temp-华气荣昌公司
3000156	重庆市众友天然气有限责任公司
3000157	重庆永荣水电气服务有限公司(安岳)
3000158	重庆胜邦燃气有限公司
3000159	中国人民解放军重庆通信学院指挥控制系统系
3000160	(停)重庆市荣昌县六号信箱
3000161	重庆大足燃气有限责任公司
3000162	荣昌县渝新天然气有限公司(安岳)
3000163	重庆永川燃气有限责任公司
3000164	重庆璧山天然气有限责任公司
3000165	重庆水利电力职业技术学院
3000166	渝西学院
3000167	中国兵工物资四川公司
3000168	重庆川顺物资储运总公司
3000169	重庆昌州茧丝绸有限公司
3000170	重庆铁路分局重庆建筑段
3000171	重庆工商学校
3000172	重庆神州天然气有限公司
3000173	重庆市金马天然气开发有限公司（西湖）
3000174	泸州川南小集镇能源开发有限公司(羊石气管站)
3000175	重庆永新天然气有限公司
3000176	重庆永康燃气有限公司（渝西）
3000177	四川石油管理局重庆公共事务管理中心
3000178	四川石油管理局地球物理勘探公司
3000179	神州能源集团股份有限公司
3000180	贵州赤天化股份有限公司赤水化工分公司
3000182	(停)海波
3000183	(停)液体二氧化硫
3000184	蜀南气矿泸州碳黑厂
3000185	(停)油基炭黑
3000186	(停)计量站
3000187	(停)抢险中心
3000188	(停)工艺队
3000189	内销-民用
3000190	(停)temp-泸州市天然气公司（安富、茜草）
3000191	(停)temp-泸州川南石油天然气公司（合江）
3000192	(停)泸州川南石油天然气公司（锅厂）
3000193	重庆永康燃气有限公司（松既站）
3000194	(停)temp-泸州川南石油天然气公司（壁山）
3000195	(停)temp_贵州赤天化股份有限公司（合赤线）
3000196	(停)带气加工-泸天化
3000197	(停)带气加工-赤天化
3000198	(停)带气加工-川天华
3000199	(停)*泸州市天然气公司
3000200	(停)泸州市玻璃厂
3000201	中国石油天然气股份有限公司西南油气田分公司璧山CNG加气站
3000202	(停)自贡市天然气总公司（还老款）
3000203	(停)自贡炭黑厂
3000204	(停)富顺糖厂（还老款）
3000205	(停)宜宾金洋能源动力（还老款）
3000206	(停)四川山川机械厂（还老款）
3000207	(停)永川市化肥〈集团〉有限公司（还老款）
3000209	(停)泸州市昌华燃料有限公司（江南站）
3000210	(停)合江金汇化工有限公司
3000211	(停)自贡建陶三厂
3000212	(停)富江水泥有限责任公司
3000213	(停)宜宾观音酒厂
3000214	(停)宜宾制材厂
3000215	(停)墨林盐厂
3000216	(停)裕民复混肥厂
3000217	(停)九禾农资股份有限公司
3000219	(停)temp-泸州川南石油天然气公司（江安）
3000220	(停)其它
3000221	重庆安途天然气有限公司
3000222	江安县蜀渝天然气有限责任公司
3000223	西南油气田分公司蜀南气矿重湾CNG站
3000225	重庆永康燃气有限公司（吉安）
3000226	泸州市西部天然气有限公司(泸州)
3000227	重庆禾丰化工股份有限公司
3000228	重庆江津天然气有限责任公司（渝西）
3000229	江津市高歇镇天然气器材经营站（高歇站）
3000230	泸州酒业玻璃有限公司
3000231	中国石油天然气股份有限公司西南油气田分公司永川加气西站
3000232	其他(蜀南)
3000233	内销年计划调整量
3000234	(停)四川天驰油气工程建设有限责任公司川南分公司
3000235	泸州大鹏玻璃制品有限公司
3000236	自贡市荣城燃料有限责任公司
3000237	中国石化销售有限公司四川石油分公司
3000238	重庆一帆天然气有限公司
3000239	（停）四川省诚实燃气发展有限公司
3000240	自贡西部燃气有限责任公司
3000241	(停)威远县恒通浅气层开发有限责任公司
3000242	中国石油天然气股份有限公司西南油气田犍为液化天然气厂
3000243	四川新顺通天然气有限责任公司沐川燃气公司
3000244	泸州市西部天然气有限公司渝西分公司
3000245	重庆市荣昌区西部天然气有限责任公司
3000246	中国石油天然气股份有限公司西南油气田分公司永川加气东站
3000247	四川内江盛云天然气开发有限公司
3000248	合江县凯添能源开发有限公司
3000249	四川威东能源开发有限责任公司
3000250	泸州华油浅层油气公司(渝西)
3000251	川西南华油集团(未上市）(自贡)
3000252	华油天然气股份有限公司（茂源公司）
3000253	输气公司宜宾中气公司（未上市）
3000254	川西南矿区（管理局）(自贡)
3000255	四川石油管理局能源勘探开发公司(管理局)
3000256	泸州华润兴泸燃气有限公司(安富、茜草)
3000257	泸州川油天然气有限公司（纳溪）
3000258	四川石油管理局川西南矿区（乐山）
3000259	华油天然气股份有限公司（安岳）
3000260	四川石油管理局川西南矿区(安岳)
3000261	泸州川油天然气有限公司（安岳）
3000262	川南矿区（泸州）
3000263	泸州市昌华燃料有限公司（上马站德胜）
3000264	宜宾天康燃气有限公司（水清站）
3000265	泸州川油天然气有限公司（江安）
3000266	泸州川油天然气有限公司（合江）
3000267	泸州川油天然气有限公司（渝西）
3000268	重庆江津天然气有限责任公司(塘河镇)
3000269	川南矿区（渝西）
3000270	华油天然气股份有限公司
3000271	四川石油管理局川西南矿区
3000272	宜宾天康燃气有限公司
3000273	泸州川油天然气有限公司
3000274	四川石油管理局川南矿区
3000275	泸州华润兴泸燃气有限公司
3000276	泸州市昌华燃料有限公司
3000277	重庆江津天然气有限责任公司
3000278	四川石油管理局能源勘探开发公司(未上市)(自贡)
3000279	四川石油管理局能源勘探开发公司(未上市)(乐山）
3000280	四川石油管理局能源勘探开发公司(未上市)(安岳)
3000281	四川石油管理局能源勘探开发公司(未上市)（泸州）
3000282	四川石油管理局能源勘探开发公司(未上市)（纳溪）
3000283	四川石油管理局能源勘探开发公司(未上市)（合江）
3000284	四川石油管理局川西南矿区（未上市）
3000285	川西南华油集团(未上市）(安岳)
3000286	泸州华油浅层油气公司(泸州)
3000287	泸州华油浅层油气公司(江安)
3000288	泸州华油浅层油气公司(纳溪)
3000289	泸州华油浅层油气公司(合江)
3000290	四川石油管理局能源勘探开发公司(未上市)(渝西)
3000291	川西南华油集团(未上市）
3000292	泸州华油浅层油气公司
3000293	华油集团燃气销售公司(未上市)
3000294	泸州西部天然气有限公司(安岳)
3000295	泸州西部天然气有限公司(渝西)
3000296	泸州市西部天然气有限公司
3000297	川西南华油集团(未上市)(宜宾)
3000298	四川石油管理局能源勘探开发公司(未上市)(宜宾)
3000299	四川石油管理局能源勘探开发公司(未上市)(江安)
3000300	川东开发(未上市）
3000301	泸州西部天然气有限公司(合江)
3000302	泸州西部天然气有限公司(乐山)
3000303	泸州西部天然气有限公司(纳溪)
3000304	泸州西部天然气有限公司(自贡)
3000305	成都能特科技发展有限公司泸州分公司
3000306	泸州市西部天然气有限公司(能源公司自营)
3000307	泸州市西部天然气有限公司(风险服务)
3000308	泸州市西部天然气有限公司(川东开发自营)
3000309	四川石中石油输气科技有限公司(管理局)
3000310	宜宾中气天然气有限责任公司（华气自营）
3000311	四川新顺通天然气有限责任公司沐川燃气有限公司(停)
3000312	泸州西部天然气有限公司(宜宾分公司)
3000313	宜宾中气天然气有限责任公司(安岳作业区)
3000314	四川石油管理局输气公司自贡分公司（自贡）
3000315	宜宾中气天然气有限责任公司(自贡)
3000316	泸州市昌华燃料有限公司（上马站尧坝）
3000317	泸州北方化学工业有限公司(泸州)
3000318	泸州北方化学工业有限公司
3000319	筠连县三鼎天然气有限责任公司
3000320	荣昌县渝昌压缩天然气有限公司
3000321	四川省诚实燃气发展有限公司（云南）
3000322	泸州纳溪永宁压缩天然气有限公司
3000323	泸州市西部天然气有限公司(渝西重庆)
3000324	泸州西部天然气有限公司(安岳重庆)
3000325	泸州市西部天然气有限公司(重庆)
3000326	高县三鼎天然气有限责任公司
3000327	四川鑫源陶瓷有限责任公司
3000328	重庆市渝琥玻璃有限公司
3000329	泸州川油天然气有限公司(重庆)
3000330	泸州川油天然气有限公司(合江重庆)
3000331	泸州川油天然气有限公司(渝西重庆)
3000332	屏山县凤凰天然气有限责任公司
3000333	泸州市天益巴士发展有限公司(纳溪)
3000335	泸州市天益巴士发展有限公司
3000336	泸县吉达玻璃制品有限公司
3000337	江安县万方气业有限责任公司
3000338	泸州太昌能源有限公司
3000339	泸州太昌能源有限公司(泸州)
3000340	泸州太昌能源有限公司(合江)
3000341	宜宾中气天然气有限责任公司(乐山作业区)
3000342	四川川港燃气有限责任公司泸州分公司(泸州)
3000343	四川川港燃气有限责任公司泸州分公司(纳溪)
3000344	四川川港燃气有限责任公司泸州分公司(自贡)
3000345	四川川港燃气有限责任公司泸州分公司(纳溪)
3000346	四川川港燃气有限责任公司泸州分公司
3000347	四川川港燃气有限责任公司泸州分公司(合江)
3000348	四川川港燃气有限责任公司泸州分公司(乐山)
3000349	四川川港燃气有限责任公司泸州分公司
3000350	四川川港燃气有限责任公司自贡分公司(自贡)
3000351	四川川港燃气有限责任公司自贡分公司(隆昌)
3000352	四川川港燃气有限责任公司自贡分公司(乐山)
3000353	泸州纳溪祥博天然气有限公司
3000354	四川省天朝燃气有限公司
3000355	泸州市恒圣天然气有限公司
3000356	重庆永荣水电气服务有限公司(渝西)
3000357	重庆永荣水电气服务有限公司
3000358	荣昌县渝新天然气有限公司(渝西)
3000359	荣昌县渝新天然气有限公司
3000360	四川天源陶瓷制品有限公司
3000361	泸州纳溪蜀南气体销售有限公司
3000362	叙永县天然气有限公司(纳溪)
3000363	叙永县天然气有限公司
3000364	四川省兴文县天然气有限公司
3000365	内江有限公司废弃
3000366	内江华润燃气有限公司(安岳)
3000367	内江华润燃气有限公司（自贡）
3000368	自贡西部燃气有限责任公司（安岳）
3000369	自贡西部燃气有限责任公司（自贡）
3000370	安岳县光源天然气有限公司
3000371	宜宾市南溪区凌江燃气有限公司
3000372	四川索渝燃气有限公司
3000373	四川泸州三江燃气有限责任公司
3000374	四川泸州三江燃气有限责任公司（纳溪）
3000375	四川泸州三江燃气有限责任公司（江安）
3000376	泸州市圣洁能源有限公司
3000377	四川武骏特种玻璃制品有限公司
3000378	泸县秀水能源开发有限公司
3000379	重庆市荣昌区西部天然气有限责任公司(安岳)
3000380	重庆市荣昌区西部天然气有限责任公司（渝西）
3000381	泸州西部天然气有限公司（江安）
3000382	泸州市恒圣天然气有限公司（长宁）
3000383	泸州市恒圣天然气有限公司（泸州）
3000384	重庆市荣昌区西部天然气有限责任公司（自贡）
3000385	重庆市荣昌区西部天然气有限责任公司（泸州）
3000386	隆昌华润燃气有限公司（泸州）
3000387	隆昌华润燃气有限公司（自贡）
3000388	资中县成双龙江天然气有限公司（自贡）
3000389	资中县成双龙江天然气有限公司（泸州）
3000390	资中县成双龙江天然气有限公司（安岳）
3000391	四川石油管理局川西南矿区(泸州)
3000392	泸州市恒圣天然气有限公司（安岳）
3000393	宜宾县联发天然气有限责任公司
3000394	富顺金沙燃气有限公司
3000395	威远县特能运业有限公司东方型钢厂
3000396	重庆恒望机械有限公司
3000397	四川省汇升燃气投资有限公司
3000398	犍为县恒丰泰天然气有限公司
3000399	四川川港燃气有限责任公司九支营销部
3000400	重庆川友天然气有限公司
3000401	重庆市璧山区陆升天然气有限公司
3000402	重庆捷兴天然气有限公司
3000403	宜宾市宏坤天然气有限公司
3000404	长宁县宏坤节能天然气有限公司
3000405	雷波荣塑燃气有限责任公司
3000406	隆昌县云桥燃气有限公司
3000407	隆昌县云桥燃气有限公司(自贡)
3000408	隆昌县云桥燃气有限公司(泸州)
3000409	自贡中油能源开发有限公司
3010030	(清)四川川投水务集团荣县天然气有限公司
3010079	(清)威远港华燃气有限公司
3010088	(清)资中华润燃气有限公司
3010113	(清)泸州华润兴泸燃气有限公司(泸州城区)
3010138	(清)泸州市龙马潭区四通燃料有限公司牛滩分公司
3010163	(清)重庆永川燃气有限责任公司
3010172	(清)重庆神州天然气有限公司
3010175	(清)重庆永新天然气有限公司
3010179	(清)神州能源有限公司
3010221	(清)重庆安途天然气有限公司
3010238	(清)重庆一帆天然气有限公司
3010256	(清)泸州华润兴泸燃气有限公司(安富、茜草)
3010275	(清)泸州华润兴泸燃气有限公司
3010378	(清)泸县秀水能源开发有限公司
3010397	(清)四川省汇升燃气投资有限公司
3010398	重庆市民生液化天然气有限公司
3010399	川南矿区（自贡）
3010400	川南矿区（乐山）
3010401	重庆海源燃气有限公司
3010402	重庆市天泰天然气有限公司
3010403	四川中海金象科技有限责任公司
3010404	泸州市恒圣天然气有限公司(合江)
3010405	宜宾县烽焰天然气有限公司
3010406	四川陆升天然气有限公司(纳溪)
3010407	四川川油天然气科技股份有限公司
3010408	自贡市海鹰瓷业有限公司
3010409	富顺顺隆燃气有限公司
3010410	江安县博友天然气有限公司
3010411	泸州郎酒浓香酿酒有限公司
3010412	重庆市永川区石油天然气安装工程有限公司
3010413	重庆市永川区石油天然气安装工程有限公司（合江）
3010414	重庆市永川区石油天然气安装工程有限公司（渝西）
3010415	泸县昌原净化剂有限公司
3010416	重庆广朋天然气有限责任公司
3010417	四川陆升天然气有限公司
3010418	四川陆升天然气有限公司（泸州）
3010419	荣县健宏天然气有限公司
3010420	四川三帝新材料有限公司
3010421	重庆峻岭能源股份有限公司
3010422	(统)四川隆桥化工集团有限公司
3010423	（统）内江华润燃气有限公司
3010424	（统）内江华润燃气有限公司（安岳）
3010425	（统）内江华润燃气有限公司（自贡）
3010426	重庆永康燃气有限公司（合江）
3010427	重庆永康燃气有限公司
3010428	泸州销售部（四川）
3010429	泸州销售部（重庆）
3010430	（统）自贡市燃气有限责任公司
3010431	自贡艾尔恩吉能源有限公司
3010432	(统)中昊晨光化工研究院有限公司
3010433	(统)宜宾天科新能源开发有限责任公司
3010434	(统)泸州市天益巴士发展有限公司
3010435	(统)泸州华油压缩天然气有限责任公司
3010436	(统)四川武骏特种玻璃制品有限公司
3010437	(统)重庆市渝琥玻璃有限公司
3010438	(统)富顺县天然气有限责任公司
3010439	(统)宜宾华润燃气有限公司
3010440	(统)宜宾天然气发展有限公司
3010441	(统)宜宾市南溪区天然气有限公司
3010442	(统)高县三鼎天然气有限责任公司
3010443	(统)四川省兴文县天然气有限公司
3010444	(统)隆昌华润燃气有限公司
3010445	(统)叙永县天然气有限公司
3010446	(统)重庆市众友天然气有限责任公司
3010447	(统)重庆璧山天然气有限责任公司
3010448	(统)荣昌县渝新天然气有限公司
3010449	(统)泸州大鹏玻璃制品有限公司
3010450	(统)自贡市富源化工有限公司
3010451	重庆市荣昌区西部天然气有限责任公司（合江）
4000001	(零)攀钢集团江油长城特殊钢有限公司
4000002	四川川投长城钢特殊钢股份有限公司第二钢厂
4000003	四川省江油市胜峰天然气化工有限公司
4000004	江油长特一厂长金钢管厂
4000005	四川江油长钢长益实业公司
4000006	四川省江油市民福实业有限公司
4000007	四川恒宏科技金属有限公司
4000008	四川矿山机器(集团)有限责任公司
4000009	江油发电厂
4000010	四川巴蜀电力开发有限责任公司江油电厂
4000011	四川英惠燃气发电有限公司
4000012	中国航发四川燃气涡轮研究院
4000013	国营八五七厂
4000014	江油川西北轻烃回收厂
4000015	(停)江油川西北永发实业总公司
4000016	绵阳运利达天然气有限责任公司
4000017	江油鸿飞投资（集团）有限公司燃气分公司
4000018	(零)绵阳燃气有限责任公司天然气分公司
4000019	(停)江油川西北天然气总公司
4000020	江油车务段运输服务有限公司
4000021	梓潼县松明燃气有限责任公司
4000022	江油川西北永生油气开发公司
4000023	四川石油管理局川西北矿区
4000024	佛山科捷陶瓷（广元）有限公司
4000025	(零)四川广元里程燃气有限责任公司
4000026	(零)广元市天然气公司
4000027	(零)苍溪港华燃气有限公司
4000028	广元市剑阁县天然气有限责任公司
4000029	（零）四川省高宇化工有限公司
4000030	四川省治权集团有限公司大邑氮肥厂
4000031	(零)成都宇源化工有限公司
4000032	成都恺撒铝业有限公司铝加工厂
4000033	成都桐林铸造实业有限公司
4000034	四川省邛崃市特种铝厂
4000035	中国测试技术研究院
4000036	成都市西岭玻璃制品厂
4000037	成都红旗玻璃厂蒲江分厂
4000038	崇州市蜀玻科学仪器有限责任公司
4000039	(零)成都市川泰玻璃有限责任公司
4000040	邛崃市城南小学安瓶厂
4000041	(零)成都平原尼普洛药业包装有限公司
4000042	成都嘉和玻璃珠有限公司
4000043	成都南环药业包装(集团)有限公司
4000044	(零)成都市金鼓药用包装有限公司
4000045	四川省邛崃市邛州医药包装厂
4000046	成都市大邑玻璃仪器厂
4000047	四川邛崃羊安陶瓷熔块厂
4000048	（零）邛崃市交通车用压缩天然气有限公司
4000049	大邑华油能源压缩天然气有限责任公司
4000050	邛崃市博泰化工有限公司
4000051	(零)大邑港华燃气有限公司
4000052	中国民用航空飞行学院
4000053	新津永双港华燃气有限公司
4000054	(零)崇州市天然气有限公司
4000055	蒲江县成佳天然气开发有限责任公司
4000056	四川石油天然气建设工程有限责任公司
4000057	四川石油管理局川西公共事务管理中心
4000058	成都富兰克玻璃制品有限公司
4000059	四川新乐雅陶瓷有限公司
4000060	四川新顺通天然气有限责任公司
4000061	(零)四川省丹棱县天然气有限责任公司
4000062	(零)四川省洪雅县天然气有限公司
4000063	(零)彭山港华燃气有限公司
4000064	(零)四川川投水务集团名山燃气有限公司
4000065	净化厂炼油用气
4000066	中国石油天然气股份有限公司西南油气田销售分公司新津营销部
4000067	中国石油天然气股份有限公司西南油气田销售分公司
4000068	(停)绵阳九院五所
4000069	甲醇厂进气量
4000070	驰放气量
4000071	(停)广元市八二一厂
4000072	梓潼建昌化工厂
4000073	邛崃安瓶厂
4000074	邛电力安瓶
4000075	四川江油川西北恒丰天然气有限公司（茂源）
4000076	九院十所
4000077	广元一零三厂
4000078	长锻厂
4000079	江油涪钢厂
4000080	四川兴能燃气集团有限公司川西北分公司（马路湾CNG）
4000081	(零)梓潼县蓝烽燃气有限责任公司
4000082	(零)四川蜀玻(集团)有限责任公司
4000083	九寨沟县天然气有限公司
4000084	(零)四川省蒲江县天然气公司
4000085	江油市兴通经贸有限公司
4000086	四川江油川西北恒丰天然气有限公司（绵阳-江油）
4000087	其它（川西北）
4000088	中国石油西南油气田梓潼CNG加气加油站
4000089	蒲江氮肥厂
4000090	(停)新津CNG（2000年外销）
4000091	(停)川西南增压机用气
4000092	四川江油川西北宏发能源总公司
4000093	气矿平落19井
4000094	白浅111井用气
4000095	四川巴蜀江油燃煤发电有限公司
4000096	邛西天然气钻井
4000097	四川同庆南风洗涤用品有限责任公司
4000098	(零)新津港华燃气有限公司
4000099	(零)邛崃市天然气有限公司
4000100	(零)雅安市天然气有限公司
4000101	崇州市协力羊马燃气有限公司
4000102	华油集团燃气销售公司(绵阳)
4000103	四川石油管理局能源勘探开发公司江油化工分公司（管理局）
4000104	绵阳市公交压缩天然气有限责任公司
4000105	四川兴能燃气集团有限公司川西北分公司（城东CNG）
4000106	四川兴能燃气集团有限公司
4000107	眉山新源燃气有限责任公司
4000108	四川华油集团有限责任公司川西北分公司
4000109	绵阳市金泰燃气有限公司（能源-战旗）
4000110	江油华坪办事处（能源）
4000111	成都无缝钢管公司江油钢铁厂（能源）
4000112	江油师范大学（能源）
4000113	四川省江油向红不锈钢制品有限公司（能源）
4000114	四川鑫源型钢钢管有限公司（能源）
4000115	绵阳涪钢社区（能源）
4000116	绵阳市金泰燃气有限公司（能源-王河）
4000117	四川江油川西北恒丰天然气有限公司（广元-梓潼供）
4000118	四川江油川西北恒丰天然气有限公司（成都）
4000119	四川江油川西北恒丰天然气有限公司（眉山）
4000120	四川新顺通天然气有限责任公司（能源）
4000121	四川省彭山县友谊熔块厂（能源）
4000122	四川江油川西北恒丰天然气有限公司（能源江油）
4000123	四川江油川西北恒丰天然气有限公司（能源绵阳）
4000124	绵阳燃气有限责任公司天然气分公司（能源）
4000125	四川矿山机器集团有限责任公司（能源）
4000126	中国燃气涡轮研究院（能源）
4000127	攀钢集团四川长城特殊钢股份有限公司（能源）
4000128	江油发电厂（能源）
4000129	四川江油川西北恒丰天然气有限公司（能源广元）
4000130	华油集团燃气销售公司(广元)
4000131	四川石油管理局能源勘探开发公司（成都供恒丰）
4000132	眉山新源燃气有限责任公司（能源）
4000133	四川省丹棱县天然气有限责任公司（能源）
4000134	华油集团燃气销售公司(眉山)
4000135	四川江油川西北恒丰天然气有限公司（绵阳-梓潼）
4000136	四川江油川西北恒丰天然气有限公司（广元-江油供）
4000137	四川蜀玻(集团)有限责任公司（茂源）
4000138	成都华油茂源天然气开发有限公司
4000139	四川江油川西北恒丰天然气有限公司（绵阳）
4000140	四川江油川西北恒丰天然气有限公司（广元）
4000141	中国石油西南油气田分公司川西北气矿
4000142	洪雅县运通加油站
4000143	四川江油川西北恒丰天然气有限公司(绵阳－能源自营）
4000144	四川江油川西北恒丰天然气有限公司（广元－能源自营）
4000145	四川江油川西北恒丰天然气有限公司（成都－能源自营）
4000146	四川石中石油输气科技有限公司（绵阳－能源自营）
4000147	四川石中石油输气科技有限公司（广元－能源自营）
4000148	四川石中石油输气科技有限公司（眉山－能源自营）
4000149	四川新顺通天然气有限责任公司（能源自营）
4000150	四川江油川西北恒丰天然气有限公司（成都－风险勘探）
4000151	绵阳燃气有限责任公司天然气分公司（能源自营）
4000152	绵阳市公交压缩天然气有限责任公司（能源自营）
4000153	康定华运天然气有限责任公司
4000154	彭山华升洗涤济厂（能源）
4000155	崇州市蜀玻化工有限责任公司（茂源供）
4000156	(零)四川阆中天然气总公司
4000157	绵阳运利达天然气有限公司（）
4000158	华油天然气股份有限公司（崇州加气站）
4000159	四川省阆中化工有限责任公司
4000160	中国石油天然气股份有限公司西南油气田分公司江油轻烃厂
4000161	四
4000162	邛崃市安源配气有限公司
4000163	其它用户
4000164	（零）四川新顺通天然气有限责任公司雅安分公司
4000165	旺苍县汇通加气站
4000166	四川江油绵洲燃气有限责任公司
4000167	邛崃市鸿丰钾矿肥有限责任公司
4000168	四川川港燃气有限责任公司绵阳分公司
4000169	四川川港燃气有限责任公司绵阳分公司(绵阳)
4000170	四川川港燃气有限责任公司绵阳分公司(成都)
4000171	四川川港燃气有限责任公司绵阳分公司(广元)
4000172	四川川港燃气有限责任公司绵阳分公司(眉山)
4000173	四川川港燃气有限责任公司
4000174	四川川港绵阳分公司(江油)
4000175	四川川港绵阳分公司(成都)
4000176	四川川港绵阳分公司(广元)
4000177	四川川港绵阳分公司(眉山)
4000178	成都鸿浩加气站有限公司
4000179	四川孟林能源投资开发有限公司（梓潼）
4000180	四川苍溪县大通天然气投资有限公司
4000181	四川宏润燃气有限公司
4000182	西南油气田分公司天然气研究院
4000183	天然气研究院
4000184	(零)江油市万利化工有限责任公司
4000185	四川孟林能源投资开发有限公司(绵阳)
4000186	四川孟林能源投资开发有限公司（广元）
4000187	成都德安能源投资有限公司
4000188	四川江油川西北恒丰天然气有限公司（雅安）
4000189	成都市金星能源开发有限公司
4000190	纳爱斯成都有限责任公司
4000191	四川省邛崃市大川陶瓷化工有限公司
4000192	成都大邑汇辰玻璃压制厂
4000193	四川江油中恒特钢有限公司
4000194	绵阳凯利达化工有限公司
4000195	绵阳大福电子科技集团有限公司
4000196	四川省科学城科源燃气工程技术研究所
4000197	自贡市洪鑫燃气有限公司江油分公司
4000198	江油市鸿翔特殊钢有限公司
4000199	绵阳市鸿图燃气有限责任公司游仙分公司
4000200	四川幼儿师范高等专科学校
4000201	安县悦西燃气有限公司
4000202	江油市华坪办事处
4000203	四川鑫鼎新材料有限公司
4000204	江油西南钢铁有限责任公司
4000205	(零清)江油市向红不锈钢制品有限公司
4000206	(零清)绵阳市金泰燃气有限公司忠兴分公司
4000207	剑阁县兴龙天然气有限责任公司
4000208	广元市燎程天然气有限责任公司
4000209	广元八二一能源动力有限责任公司
4000210	广元市安驭铝合金车轮有限公司
4000211	四川广元启明星铝业有限责任公司
4000212	四川启元炭素有限责任公司
4000213	四川昭钢炭素有限公司
4000214	剑阁县金鑫燃气有限公司
4000215	江油华威燃气油料有限公司
4000216	(统)攀钢集团江油长城特殊钢有限公司
4000217	(统)绵阳燃气有限责任公司天然气分公司
4000218	(统)四川广元里程燃气有限责任公司
4000219	(统)广元市天然气公司
4000220	(统)苍溪港华燃气有限公司
4000221	(统)成都宇源化工有限公司
4000222	(统)成都市川泰玻璃有限责任公司
4000223	(统)成都平原尼普洛药业包装有限公司
4000224	(统)成都市金鼓药用包装有限公司
4000225	(统)大邑港华燃气有限公司
4000226	(统)崇州市天然气有限公司
4000227	(统)四川省丹棱县天然气有限责任公司
4000228	(统)四川省洪雅县天然气有限公司
4000229	(统)彭山港华燃气有限公司
4000230	(统)四川川投水务集团名山燃气有限公司
4000231	(统)梓潼县蓝烽燃气有限责任公司
4000232	(统)四川蜀玻(集团)有限责任公司
4000233	(统)四川省蒲江县天然气公司
4000234	(统)新津港华燃气有限公司
4000235	(统)邛崃市天然气有限公司
4000236	(统)雅安市天然气有限公司
4000237	(统)四川阆中天然气总公司
4000238	(统)江油市万利化工有限责任公司
4000239	江油市向红不锈钢制品有限公司
4000240	绵阳市金泰燃气有限公司忠兴分公司
4010017	(清)江油鸿飞投资（集团）有限公司燃气分公司
4010028	(清)广元市剑阁县天然气有限责任公司
4010166	(清)四川江油绵洲燃气有限责任公司
4010167	四川崇都石化有限公司
4010168	成都市贝欢婴童用品有限公司
4010169	四川石油管理局川西公共事务管理中心(广元)
4010170	华油天然气广元有限公司LNG工厂
4010171	四川石油管理局川西北矿区（广元）
4010172	江油川西北机电实业有限公司
4010173	中国石油集团川庆钻探工程有限公司川西钻探公司
4010174	雅安市环宇天然气有限公司
4010175	（统）四川新顺通天然气有限责任公司雅安分公司
4010176	（统）四川省高宇化工有限公司
4010177	（统）邛崃市交通车用压缩天然气有限公司
4010178	芦山县中弘能源燃气有限公司
4010179	绵阳市远景燃气有限公司
4010180	绵阳销售部
4010181	江油东方玻璃有限责任公司
4010182	大邑广泰燃气有限公司
5000001	四川万通燃气股份有限公司化工分公司
5000002	四川省大英蓥峰化工有限责任公司
5000003	(停)射洪县天然气化工厂
5000004	四川沱牌集团有限公司玻璃厂
5000005	射洪县市场开发服务中心（广汉化纤厂）
5000006	四川宏源燃气股份有限公司
5000007	(零)四川华润万通燃气股份有限公司
5000008	四川省遂宁市群康印染有限公司
5000009	四川明星电力股份有限公司
5000010	四川华晶玻璃有限公司
5000011	(停)遂宁陶瓷厂
5000012	遂宁市织造印染厂
5000013	四川省遂宁市中意陶瓷总厂
5000014	(停)四川省遂宁市公共交通公司
5000015	(停)渠县万达天然气有限公司（有庆镇)
5000016	蓬溪港华燃气有限公司
5000017	中石油大英燃气有限责任公司
5000018	四川盛马化工股份有限公司新英石油沥青厂
5000019	四川沱牌舍得酒业股份有限公司
5000020	四川石油管理局能源勘探开发公司遂宁化工分公司（管理局）
5000021	(停)遂宁川中油田浅层油气开发有限公司
5000022	射洪沱牌大酒店
5000023	(零)四川川港燃气有限责任公司遂宁分公司
5000024	(停)遂宁市面粉厂
5000025	蓬溪子龙陶瓷总厂
5000026	四川天马玻璃有限公司
5000027	(零)四川省兴茂石化有限责任公司
5000028	(停)蓬莱大院
5000029	(停)管子站
5000030	(停)供应油库
5000031	(停)井下公司
5000032	(停)南坝生活
5000033	(停)基建公司
5000034	(停)后勤基地
5000035	(停)钻井公司基地
5000036	(停)南充通迅站
5000037	(停)磨溪发电房
5000038	(停)南坝工业
5000039	安岳县顺发天然气有限责任公司
5000040	乐至港华燃气有限公司
5000041	(零)四川阆中天然气总公司
5000042	(零)四川省南部县天然气公司
5000043	四川省南部县新南有限责任公司
5000044	(零)西充县天然气公司
5000045	四川兰天化工科技有限公司
5000046	四川飞龙化工股份有限公司
5000047	(停)营山县氮肥厂
5000048	(停)西充县氮肥厂
5000049	四川省南部川龙化工有限公司
5000050	(零)南充高坪燃气股份有限公司
5000051	四川省天元食品股份有限公司
5000052	四川省南充市高坪区冷冻厂
5000053	南充金源压缩天然气有限责任公司
5000054	(零)中油南充燃气有限责任公司
5000055	乐至县洁能压缩天然气有限责任公司
5000056	营山县天然气公司
5000057	四川南充安德实业有限公司
5000058	南充西山压缩天然气有限责任公司
5000059	西充县压缩天然气有限责任公司
5000060	(零)仪陇县竑源天然气有限责任公司
5000061	四川石油管理局南充机械厂
5000062	南充石油地调处
5000063	南充石油财经校
5000064	西南石油大学
5000065	测井公司川中站
5000066	南充职工二医院
5000067	(零)四川广安爱众股份有限公司
5000068	(停)武胜县氮肥厂
5000069	(零)四川省武胜爱众燃气有限公司
5000070	(零)岳池港华燃气有限公司
5000071	绵阳港华（三台）燃气有限公司
5000072	四川省三台新能天然气有限公司
5000073	（零）盐亭中民燃气有限公司
5000074	绵阳市贝多生化有限责任公司
5000075	巴中兴圣天然气有限责任公司
5000076	四川省巴中市发展天然气汽车有限公司
5000077	南江县天然气有限责任公司
5000078	通江县新星天然气有限责任公司
5000079	平昌县百江燃气有限公司
5000080	(停)南天司茂兴公司
5000081	重庆市万利来化工股份有限公司
5000082	(零)重庆中民燃气有限公司
5000083	（统）重庆潜能燃气股份有限公司
5000084	重庆市潼南陶瓷总厂
5000085	射洪作业区生活用气
5000086	南充作业区生活用气
5000087	遂宁作业区生活用气
5000088	南充石油输运部
5000089	南充CNG开发中心CNG北站
5000090	南充CNG开发中心轻烃回收站
5000091	川中油气矿净化厂三台轻烃回收站
5000092	中国石油四川石化南充炼油厂
5000093	蓬溪县明月镇人民政府
5000094	蓬溪县齐发燃气有限责任公司（红江镇）
5000095	蓬溪县红江丝绸厂
5000096	蓬溪县红江发电厂
5000097	蓬溪县红江纸厂
5000098	射洪县洋溪镇天然气公司
5000099	蓬溪县兴鑫天然气有限责任公司(天福镇)
5000100	大英县民申燃气有限责任公司
5000101	大英金鹏燃气有限公司
5000102	大英县金鹏然气有限公司(金元乡)
5000103	大英县双江天然气经营站（妻口镇）
5000104	遂宁市船山区桂花镇天然气管理站
5000105	遂宁市船山区明生燃气有限公司
5000106	(零)射洪县东升燃具燃气有限公司
5000107	射洪瞿河乡四九社区居民委员会(7449厂)
5000108	大英县回马镇化工街居民委员会
5000109	大英县驰峰生化厂
5000110	四川盛马化工股份有限公司大英石化有限公司
5000111	四川省三台县全成天然气有限公司
5000112	三台县利友燃气有限责任公司
5000113	三台县刘营镇
5000114	(停)西平
5000115	(停)新生
5000116	(停)下新
5000117	富顺
5000118	四川射洪油脂化工有限责任公司
5000119	射洪县太乙粮油综合贸易公司
5000120	射洪县太和一小
5000121	射洪县伏河乡天然气管理站
5000122	射洪县复兴天然气有限责任公司
5000123	射洪县八一水利工程管理处
5000124	射洪县开发区
5000125	射洪县香山镇天然气管理站
5000126	射洪县明耀燃气有限公司
5000127	射洪县东红天然气有限责任公司
5000128	盐亭县世盛燃气有限责任公司(八角镇)
5000129	盐亭县黄甸镇天然气管理站
5000130	(停)盐亭县定光乡
5000131	盐亭县恒远燃气有限责任公司(玉龙镇)
5000132	盐亭县五龙乡天然气管理站
5000133	盐亭县富驿天然气管理站
5000134	盐亭县三元乡天然气管理站
5000135	盐亭县万通天然气有限责任公司
5000136	盐亭县永泰乡水气站
5000137	盐亭县林农镇天然气经营管理站
5000138	盐亭县城南燃气管理站(两河镇)
5000139	盐亭县会真办事处燃气经营管理站
5000140	盐亭县黄溪乡天然气管理站
5000141	盐亭县西盐天然气管理站(洗泽乡)
5000142	盐亭县龙潭天然气供气站
5000143	盐亭县世昌天然气有限责任公司
5000144	武胜县龙女镇国建天然气供应站
5000145	合川市三庙天然气管理站
5000146	合川市燕窝天然气经营部
5000147	合川县庐山天然气咨询服务部
5000148	（零）合隆镇天然气管理站
5000149	武胜县万隆鑫安天然气供应站
5000150	(零)渠县万达天然气有限公司
5000151	蓬溪县全通天然气有限公司
5000152	潼南县汇民燃气有限公司新华配气站
5000153	潼南县汇民燃气有限公司宝龙配气站
5000154	广安大安镇
5000155	(零)南部县宏观茂祥天然气管理站
5000156	南部县慧源天然气有限公司
5000157	南部县雄狮天然气配气站
5000158	南部县新井天然气有限公司(大桥镇)
5000159	南部县河坝镇天然气有限公司
5000160	南部县雄大天然气有限公司
5000161	南充市高坪区走马乡乡镇企业办公室
5000162	四川省南充湘峰燃气有限公司
5000163	南充市高坪区老君镇人民政府
5000164	(停)西充车龙乡
5000165	(停)潼南县双江镇
5000166	潼南县汇民燃气有限公司玉溪配气站
5000167	潼南县汇民燃气有限公司米心配气站
5000168	遂宁市安居区磨溪镇人民政府
5000169	遂宁市安居区西眉镇人民政府
5000170	遂宁市市中区祖贵天然气公司
5000171	安居区三家镇四兴燃气供应站
5000172	遂宁市市中区复桥镇居民委员会
5000173	遂宁市船山区老池乡人民政府
5000174	(停)欣中实业公司硫酸厂
5000175	遂宁市安居区聚贤乡文兴社区居民委员会
5000176	蓬溪县高坪镇人民政府
5000177	四川省遂宁市第二中学校
5000178	(零)安岳县蓝天然气有限责任公司
5000179	四川省射洪县金兴实业有限责任公司
5000180	(停)管子站发电房
5000181	南充市罐垭镇
5000182	南充市青狮镇
5000183	（零）合川市七间镇天然气管理站
5000184	广安市广安区翔龙天然气有限公司
5000185	南充高坪螺溪乡民用天然气管理站
5000186	蓬溪县顺发燃气有限责任公司
5000187	(停)遂宁茂源公司
5000188	(停)蓬溪大石镇
5000189	(停)四川省遂宁万源天然气公司(永兴镇)
5000190	遂宁运输二公司
5000191	遂宁蓝天鳞肥厂
5000192	射洪绵纺厂
5000193	(停)遂宁曲酒厂
5000194	(停)遂宁长江焊接公司
5000195	(停)遂宁河东化工厂
5000197	(停)南充惠通公司
5000198	(停)南充力倍公司
5000199	(停)南充地质调查处（商）
5000200	南充人交公司
5000201	(停)南充建材装饰玻璃厂
5000202	(停)南部硬化油厂
5000203	(停)川中油气基建公司
5000204	川中公共事务管理中心
5000205	(停)南运CNG
5000206	四川遂宁万源天然气有限公司
5000207	大英县创新压缩天然气洁能有限责任公司
5000208	广安爱众压缩天然气有限责任公司
5000209	武胜县创新压缩天然气有限责任公司
5000210	南充炼油厂
5000217	(零)武胜县正道燃气有限责任公司
5000218	四川省永业化工有限公司
5000219	盐亭县创新压缩天然气有限责任公司
5000220	重庆市铜梁区绿色洁能有限责任公司
5000221	西充同益燃气有限公司
5000222	全部零星用户(临时)
5000223	盐亭县和平天然气管理站
5000224	遂宁市安居区晋林天然气站
5000225	(停)123
5000226	(停)关联交易临时
5000227	(停)内销气用户临时
5000228	(零)其它用户(零星用户)
5000229	南充CNG开发中心CNG南站
5000230	(停)关联交易用户临时
5000231	(停)内销气量临时
5000233	其它用户
5000234	(停)绵阳市临时用户
5000235	(停)广安临时用户
5000236	(停)资阳临时用户
5000237	(停)巴中临时用户
5000238	(停)重庆临时用户
5000239	巴中市通达汽车然气有限公司
5000240	盐亭县巨龙供气站
5000241	(停)盐亭榉溪乡
5000242	营山县创新压缩天然气有限责任公司
5000243	(停)恩阳镇
5000244	(停)安岳工业园
5000245	(停)武胜县万善镇
5000246	(零)三台县顺明燃气有限公司
5000247	四川石油管理局南充公共事务管理中心(钻井公司)
5000248	(停)广安CNG北站
5000249	(停)123
5000250	(停)TEMP错误的
5000251	重庆新华化工有限公司
5000252	仪陇县华益天然气有限责任公司
5000253	(零)武胜县成莲天然气供应站
5000254	中石油大英燃气有限公司遂宁分公司
5000255	四川省阆中化工有限责任公司
5000256	南部县金龙压缩天然气有限公司
5000257	(停)中石油大英燃气有限公司潼南分公司
5000258	中石油大英燃气有限责任公司潼南分公司
5000259	潼南通发燃气公司（崇龛镇）
5000260	四川华油集团有限责任公司
5000261	四川石油管理局南充公共事务管理中心
5000262	(零)四川新农村燃气开发有限公司
5000263	四川省三台县新农建天然气开发有限责任公司
5000264	顺庆区李家镇天然气有限责任公司
5000265	仪陇正道天然气有限责任公司
5000266	四川广安爱众股份有限公司天然气分公司(能源公司)
5000267	遂宁安源公司
5000268	岳池百江燃气有限公司(能源公司)
5000269	车龙
5000270	莲池文井站(能源公司)
5000271	会龙
5000272	金山
5000273	湘峰燃气公司(能源公司)
5000274	营山县天然气公司(能源公司)
5000275	合川二郎天然气服务部(能源公司)
5000276	重庆合川燃气有限责任公司（本部）
5000277	川北钻探公司广002-H8-2井
5000278	仪陇县华益天然气有限责任公司新镇CNG
5000279	南充市博灵燃气有限公司
5000280	中国石油天然气股份有限公司四川南充销售分公司
5000281	1
5000282	其它用户1
5000283	重庆民丰化工有限责任公司
5000284	中国石油集团川庆钻探工程有限公司川东钻探公司
5000285	四川石油管理局能源勘探开发公司遂宁化工分公司(西油分公司)
5000286	南部县鸿泰燃气有限公司
5000287	广安市金福实业有限公司
5000288	四川煜坤能源有限公司
5000289	四川联恺照明有限公司
5000290	四川雪莱特光电科技有限公司
5000291	中油广安天然气有限公司
5000292	广安轻烃回收站
5000293	华油天然气广安有限公司
5000294	（零）四川孟林能源投资开发有限公司
5000295	四川鸿宇集团盐亭压缩天然气有限公司
5000296	成都市中仁投资有限公司南充燃气分公司
5000297	南部县鸿源燃气有限公司
5000298	营山县嘉和燃气开发有限公司
5000299	南充市精益燃气有限公司
5000300	绵阳市瑞阳能源有限责任公司
5000301	遂宁广泰燃气有限公司
5000302	(统)南充华盛燃气有限公司(岳池)
5000303	达县石桥供气站
5000304	南部县雄大天然气有限公司（大河镇）
5000305	南部县雄大天然气有限公司（铁佛塘镇）
5000306	南部县雄大天然气有限公司（黄金镇）
5000307	大英县金鹏然气有限公司（隆盛镇）
5000308	大英县金鹏然气有限公司（石门）
5000309	大英县金鹏然气有限公司（民主）
5000310	大英县金鹏燃气有限公司（金元乡）
5000311	大英县金鹏燃气有限公司（永前）
5000312	遂宁市船山区桂花镇天然气管理站
5000313	遂宁市船山区桂花镇天然气管理站(唐家)
5000314	射洪县伏河乡人民政府(双溪)
5000315	射洪县伏河乡人民政府(两岔河)
5000316	射洪县复兴镇天然气有限责任公司
5000317	射洪县复兴镇天然气有限责任公司(潼射)
5000318	三台县古井镇人民政府
5000319	三台县古井镇人民政府(万安)
5000320	四川省三台县全成天然气有限公司
5000321	三台县断石乡人民政府(百顷)
5000322	盐亭县黄甸镇天然气管理站
5000323	盐亭县黄甸镇天然气管理站(定光)
5000324	盐亭县永泰乡水气站(永泰)
5000325	盐亭县永泰乡水气站(双佛)
5000326	盐亭县永泰乡水气站(金安)
5000327	盐亭县万通天然气有限责任公司(金孔镇)
5000328	盐亭县万通天然气有限责任公司(九龙)
5000329	盐亭县世昌天然气有限责任公司(仁和镇)
5000330	盐亭县世昌天然气有限责任公司(青岗镇)
5000331	三台县顺民燃气有限公司(秋林镇)
5000332	三台县顺民燃气有限公司(三台三元乡)
5000333	四川省三台县新农建天然气开发有限责任公司（争胜）
5000334	四川省三台县新农建天然气开发有限责任公司（大兴）
5000335	四川省三台县新农建天然气开发有限责任公司（麻秧）
5000336	蓬溪县全通天然气有限公司（荷叶）
5000337	蓬溪县全通天然气有限公司（群利）
5000338	武胜县正道燃气有限责任公司(万善)
5000339	武胜县正道燃气有限责任公司(街子)
5000340	武胜县正道燃气有限责任公司(关紫)
5000341	武胜县成莲天然气供应站(乐善镇)
5000342	武胜县成莲天然气供应站(鼓匠)
5000343	重庆市中民燃气有限公司(潼南)
5000344	重庆市中民燃气有限公司(崇龛)
5000345	四川省三台县新农建天然气开发有限责任公司（新鲁）
5000346	射洪县伏河乡人民政府
5000347	三台县绿环燃气有限公司
5000348	磨溪净化厂合川轻烃回收站
5000349	其他计划（川中）
5000350	南充中能燃气有限公司
5000351	广安玖源化工有限公司
5000352	南充华盛燃气有限公司（岳池）
5000353	(零)南充华盛燃气有限公司（营山）
5000354	岳池县瑞博天然气有限公司
5000355	(统)四川华润万通燃气股份有限公司
5000356	(统)四川川港燃气有限责任公司遂宁分公司
5000357	(统)四川省兴茂石化有限责任公司
5000358	(统)四川阆中天然气总公司
5000359	(统)四川省南部县天然气公司
5000360	(统)西充县天然气公司
5000361	(统)南充高坪燃气股份有限公司
5000362	(统)中油南充燃气有限责任公司
5000363	(统)仪陇县竑源天然气有限责任公司
5000364	(统)四川广安爱众股份有限公司
5000365	(统)四川省武胜爱众燃气有限公司
5000366	(统)岳池港华燃气有限公司
5000367	(统)重庆中民燃气有限公司
5000368	(统)射洪县东升燃具燃气有限公司
5000369	(统)渠县万达天然气有限公司
5000370	(统)南部县宏观茂祥天然气管理站
5000371	(统)武胜县正道燃气有限责任公司
5000372	(统)其它用户(零星用户)
5000373	(统)三台县顺明燃气有限公司
5000374	(统)武胜县成莲天然气供应站
5000375	(清)四川华油集团有限责任公司
5000376	(统)四川新农村燃气开发有限公司
5000377	重庆中民富强工业燃气有限公司
5000378	重庆中民向阳压缩燃气有限公司
5000379	广安能和燃气有限公司
5000380	成都市中仁投资有限公司金同燃气分公司
5000381	绵阳市金泰燃气有限公司
5000382	遂宁市安源压缩天然气有限公司
5000383	蓬溪县诚天燃气有限公司
5000384	西充县祥龙天然气经营站
5000385	重庆世鑫天然气有限公司
5000386	西充县凤凰燃气有限公司
5000387	广安诚信化工有限责任公司
5000388	武胜县宏宇燃气有限责任公司
5000389	武胜县立新天然气有限责任公司
5000390	南充川港经开燃气有限公司
5000391	(统清)重庆合川燃气有限责任公司
5000392	(清)四川省大英蓥峰化工有限责任公司
5000393	(清)四川兰天化工科技有限公司
5000394	(清)四川飞龙化工股份有限公司
5000395	(清)四川省南部川龙化工有限公司
5000396	(清)重庆市万利来化工股份有限公司
5000397	(清)四川省阆中化工有限责任公司
5000398	南充市顺庆区顺鑫加油中心
5000399	遂宁金红叶纸业有限公司
5010006	(清)四川宏源燃气股份有限公司
5010016	(清)蓬溪港华燃气有限公司
5010017	(清)中石油大英燃气有限责任公司
5010040	(清)乐至港华燃气有限公司
5010056	(清)营山县天然气公司
5010071	(清)绵阳港华（三台）燃气有限公司
5010083	(零)重庆潜能燃气股份有限公司
5010101	(清)大英金鹏燃气有限公司
5010105	(清)遂宁市船山区明生燃气有限公司
5010206	(清)四川遂宁万源天然气有限公司
5010221	(清)西充同益燃气有限公司
5010222	(清)南充华盛燃气有限公司（岳池）
5010258	(清)中石油大英燃气有限责任公司潼南分公司
5010259	重庆市潼南区天然气有限责任公司
5010260	潼南县汇民燃气有限公司崇龛配气站
5010261	潼南县汇民燃气有限公司花岩配气站
5010262	潼南县汇民燃气有限公司
5010263	岳池县永兴天然气有限责任公司
5010264	四川华晶包装有限责任公司
5010265	南充华亿压缩天然气有限责任公司
5010266	中石油遂宁天然气净化有限公司
5010267	四川省宏盛燃气有限公司
5010268	南部县利民天然气有限公司
5010269	渠县齐力燃气开发有限公司
5010270	射洪县利君燃气有限公司
5010271	武胜县恒通燃气有限公司
5010272	（统）潼南县汇民燃气有限公司
5010273	重庆合川燃气有限责任公司
5010274	岳池县新鸿图能源开发有限公司
5010275	(零)岳池县万达天然气有限公司
5010276	（统）合隆镇天然气管理站
5010277	（统）合川市七间镇天然气管理站
5010278	(统)重庆合川燃气有限责任公司
5010279	(统)安岳县蓝天然气有限责任公司
5010280	(统)岳池县万达天然气有限公司
5010281	南充市五湖然气有限公司
5010282	仪陇县劲源天然气有限责任公司
5010283	蓬溪盛茂燃气有限公司
5010284	乐至县蜀能天然气有限责任公司
5010285	渠县三和燃气有限公司
5010286	（统）合川市燕窝天然气经营部
5010287	（统）合川县庐山天然气咨询服务部
5010288	遂宁销售部（四川）
5010289	遂宁销售部（重庆）
5010290	四川能投苏伊士环能能源有限公司
5010291	（统）四川孟林能源投资开发有限公司
5010292	（统）盐亭中民燃气有限公司
5010293	岳池县嘉华燃气有限公司
5010294	重庆立源化工有限公司
6000086	达州市建筑陶瓷厂
6000088	四川煌歌集团有限公司
6000090	(零)达州市公共交通有限公司
6000091	(零)四川达县天然气有限公司
6000092	（零）达州华润燃气有限公司
6000129	达县化工总厂
6000131	(停)其它
6000132	达州蜀渝油气技术开发公司
6000133	(零)宜宾天康燃气有限公司三汇分公司
6000134	宣汉和信天然气有限公司
6000135	达州市华蜀实业有限责任公司
6000136	中石油达洲天然气有限责任公司(达州作业区)
6000138	达州市永固铝业有限责任公司
6000139	其他（川东北气矿）
6000140	(停)宣汉县前河天然气有限公司
6000141	宣汉县前河天然气有限公司
6000142	中石油达州天然气有限责任公司(宣汉作业区)
6000143	中石油达州天然气有限责任公司
6000144	中石油达州天然气有限责任公司(琦云制药)
6000145	中石油达州天然气有限责任公司(达州作业区风险)
6000146	(管)中石油达州天然气有限责任公司
6000147	中石油达州天然气有限公司(风险作业)
6000148	中石油达州天然气有限公司(分公司自营)
6000149	达县广厦建筑有限公司(八方天然气分公司停)
6000150	(零)达州市八方能源有限公司
6000151	达州玖源化工有限公司
6000152	(零)达州市博胜燃气有限公司
6000153	(零)达州市鹏源燃气有限责任公司
6000154	渠县裕丰燃气有限公司(石板)
6000155	中石油达州天司(四川-达州作业区)
6000156	中石油达州天司(四川-宣汉作业区)
6000157	中石油达州天司(重庆-达州作业区)
6000158	中石油达州天司(重庆-宣汉作业区)
6000159	(零)中石油达州天然气有限责任公司(四川)
6000160	中石油达州天然气有限责任公司(重庆)
6000161	渠县裕丰燃气有限公司(木头)
6000162	渠县裕丰燃气有限公司(石板)停
6000163	(零)渠县裕丰燃气有限公司
6000164	四川川港燃气有限责任公司达州分公司
6000165	(零)四川川港燃气有限责任公司达州分公司(达州)
6000166	达州市汇鑫能源有限公司
6000170	(统达)达州华润燃气有限公司
6000171	(统达)四川达县天然气有限公司
6000172	(统达)达州市公共交通有限公司
6000173	(统达)宜宾天康燃气有限公司三汇分公司
6000174	(统达)达州市八方能源有限公司
6000175	(统达)渠县裕丰燃气有限公司
6000176	(统达)达州市鹏源燃气有限责任公司
6000177	(统达)中石油达州天然气有限责任公司
6000178	(统达)四川川港燃气有限责任公司达州分公司
6000179	(统达)宣汉和信天然气有限公司
6000180	(统达)达州市华蜀实业有限责任公司
6000181	(统达)宣汉县前河天然气有限公司
6000182	(统达)达州市博胜燃气有限公司
6000183	达州市泰恒通新能源有限公司
6000184	达州销售部
7000052	峨眉山市燃气有限责任公司
7000070	夹江县天然气有限责任公司
7000243	四川新顺通天然气有限责任公司沐川燃气公司
7000261	峨眉山市燃气有限责任公司天佛CNG加气站(金沙)
7000283	四川医药包装股份有限公司
7000299	夹江县天然气有限责任公司（金沙）
7000318	乐山峨沙天然气有限责任公司（燃建+天佛）
7000358	峨眉山金陶瓷业发展有限公司
7000363	四川新顺通天然气有限责任公司(眉夹乐)
7000371	四川新顺通天然气有限责任公司(金沙)
7000377	峨眉山天旅压缩天然气有限责任公司
7000386	峨眉山金陶瓷业发展有限公司(金沙)
7000388	峨眉山市燃气有限责任公司（金沙）
7000410	四川医药包装股份有限公司(金沙)
7000411	乐山峨沙天然气有限责任公司（天旅+沙湾民用）
7000412	峨眉山天旅压缩天然气有限责任公司(金沙)
7000413	四川乐华燃气有限责任公司
7000437	四川新顺通天然气有限责任公司(杨场站）
7000451	峨眉山市燃气有限责任公司天佛CNG加气站
7000498	夹江新顺通天然气有限责任公司(天建瓷厂）
7000503	夹江新顺通天然气有限责任公司(丹夹峨)
7000513	四川新顺通天然气有限责任公司（夹天司民用）
7000516	乐山峨沙天然气有限责任公司（1.0710）
7000517	乐山峨沙天然气有限责任公司（医包）
7000518	乐山峨沙天然气有限责任公司（1.0260）
7000519	乐山峨沙天然气有限责任公司（金陶）
7000550	乐山峨沙天然气有限责任公司
7000552	四川新顺通天然气有限责任公司
7000556	四川新顺通天然气有限责任公司(三益CNG)
7000565	乐山峨沙天然气有限责任公司（沙湾工业）
7000566	四川新顺通天然气有限责任公司（鑫能燃气）
7000567	四川西南不锈钢有限公司
7000568	1111
7000569	2222
7010243	(清)四川新顺通天然气有限责任公司沐川燃气公司
7010318	(清)乐山峨沙天然气有限责任公司（燃建+天佛）
7010411	(清)乐山峨沙天然气有限责任公司（天旅+沙湾民用）
7010413	(清)四川乐华燃气有限责任公司
7010513	(清)四川新顺通天然气有限责任公司（夹天司民用）
7010550	(清)乐山峨沙天然气有限责任公司
7010552	(清)四川新顺通天然气有限责任公司
7010566	(清)四川新顺通天然气有限责任公司（鑫能燃气）
8000001	广西广投天然气管网有限公司
8000002	南宁中燃城市燃气发展有限公司
8000003	广西嘉和中油国能新能源投资有限公司
8000004	贵港新奥燃气有限公司
8000005	桂林新奥燃气有限公司
8000006	梧州深燃天然气有限公司
8000007	梧州中石油昆仑燃气有限公司
8000008	梧州中金燃气有限公司
8000009	玉林中燃城市燃气发展有限公司
8000010	华电南宁新能源有限公司
8000011	平果华商清洁能源有限公司
8000012	钦州中燃城市燃气发展有限公司
8000013	防城港武钢华润燃气有限公司
8000014	防城港中燃城市燃气发展有限公司
8000015	贺州华润燃气有限公司
8000016	中国石油天然气股份有限公司广西石化分公司
8000017	广西嘉和中油伯远新能源投资有限公司
8000018	钦州中石油昆仑燃气有限公司
8000019	中石油云南石化有限公司
8000020	曲靖市燃气集团有限公司
8000021	云南中石油昆仑燃气有限公司（昆明东）
8000022	云南中石油昆仑燃气有限公司(安宁站)
8000023	云南中石油昆仑燃气有限公司（昆明东）
8000024	玉溪中石油昆仑燃气有限公司
8000025	保山中石油昆仑燃气有限公司
8000026	德宏中石油昆仑燃气有限公司
8000027	楚雄中石油昆仑燃气有限公司
8000028	大理中石油昆仑燃气有限公司
8000029	禄丰中石油昆仑燃气有限公司
8000030	巍山县能迅天然气有限公司
8000031	丽江中石油昆仑燃气有限公司
8000032	晋宁润燃天然气有限公司
8000033	中石油贵州天然气管网有限公司
8000034	贵州燃气集团股份有限公司
8000035	贵州燃气（集团）遵义市燃气有限公司
8000036	贵州燃气（集团）遵义市播州区燃气有限公司
8000037	遵义海特燃气有限公司
8000038	贵州燃气(集团)仁怀市燃气有限责任公司
8000039	贵州中油燃气公司
8000040	贵州燃气集团安顺市燃气有限责任公司
8000041	普定县慧远能源开发有限公司
8000042	贵州燃气（集团）都匀市燃气有限责任公司
8000043	贵州燃气（集团）修文县燃气有限公司
8000044	贵州燃气（集团）桐梓县燃气有限公司
8000045	清镇华润燃气有限公司
8000046	贵州燃气（集团）六盘水燃气有限公司
8000047	贵州昆都能源有限公司
8000048	六枝特区国贸燃气有限公司
8000049	贵州鑫燃天然气有限公司
8000050	贵州神州燃气有限公司
8000051	贵州分公司
8000052	黔西南州阳光天然气发展有限公司
8000053	贵州昆仑天然气有限公司
8100034	弥渡县恒泰燃气有限公司
8100035	禄丰神州燃气有限公司
8100036	云南省天然气有限公司
8100037	云南分公司
8100038	云南滇凯节能科技有限公司
8200020	柳州中燃城市燃气发展有限公司
8200021	华能桂林燃气分布式有限责任公司
8200022	柳州东城燃气发展有限公司
8200023	来宾中燃城市燃气发展有限公司
8200024	广西华油新能能源股份有限公司
8200025	广西分公司
8200026	桂林港华燃气有限公司
